sep=; 
EthoWatcher Open Source 
Observer
Lab
Experiment
Animal
Weight
sex
Treatment/condition
Other Info
WARNING: in this version, DECIMALS are separated by DOT(.) 
TRACKING - ACTIVITY REPORT
Registred video file are locate in C:/teste_ethowatcher/Lane maze w background femeas exemplo multiplas areas mosca 1 intrinsic noise camera virtual.vxml
Start in ;22.5;seconds ;675; frames 
End in ;56.9333;seconds ;1708; frames 
1 cm = ;108.805; pixeis
1 pixel= 8.447e-05cm2
Area Name ;Total Area
Figure Height; 480
Figure Width; 640






;;Number of pixels;Area (in cm2);Horizontal coordinate of the centroid;Vertical coordinate of the centroid;AA(in degrees);Height of the animal;Width of the animal;Object Detected;Distance travelled by the centroid;Distance travelled by the centroid;Variation of Area (from the former frame);Variation of Height of animal (from the former frame);Variation of width of animal (from the former frame);Variation of Angule of animal;Intrinsic noise (minimum variation distance traveled by the centroid)
frames;second;of the animal's body;of the animal's body;(in pixels, from0 to 640 );(in pixels, from 0 to 480 );Angle between animal and Horizontal coordinate ;in cm;in cm;true or false;(in pixels);(in cm);in cm2;in cm;in cm;in degrees;true or false
675;22.5;177;0.0149512;128.809;22.9435;-78.6901;0.234319;0.0901228;true;0;0;0;0;0;0;false;
676;22.5333;177;0.0149512;128.809;22.9435;-78.6901;0.234319;0.0901228;true;0;0;0;0;0;0;true;
677;22.5667;177;0.0149512;128.809;22.9435;-78.6901;0.234319;0.0901228;true;0;0;0;0;0;0;true;
678;22.6;177;0.0149512;128.809;22.9435;-78.6901;0.234319;0.0901228;true;0;0;0;0;0;0;true;
679;22.6333;177;0.0149512;128.809;22.9435;-78.6901;0.234319;0.0901228;true;0;0;0;0;0;0;true;
680;22.6667;177;0.0149512;128.809;22.9435;-78.6901;0.234319;0.0901228;true;0;0;0;0;0;0;true;
681;22.7;177;0.0149512;128.809;22.9435;-78.6901;0.234319;0.0901228;true;0;0;0;0;0;0;true;
682;22.7333;177;0.0149512;128.809;22.9435;-78.6901;0.234319;0.0901228;true;0;0;0;0;0;0;true;
683;22.7667;177;0.0149512;128.809;22.9435;-78.6901;0.234319;0.0901228;true;0;0;0;0;0;0;true;
684;22.8;177;0.0149512;128.809;22.9435;-78.6901;0.234319;0.0901228;true;0;0;0;0;0;0;true;
685;22.8333;177;0.0149512;128.809;22.9435;-78.6901;0.234319;0.0901228;true;0;0;0;0;0;0;true;
686;22.8667;177;0.0149512;128.809;22.9435;-78.6901;0.234319;0.0901228;true;0;0;0;0;0;0;true;
687;22.9;177;0.0149512;128.809;22.9435;-78.6901;0.234319;0.0901228;true;0;0;0;0;0;0;true;
688;22.9333;177;0.0149512;128.809;22.9435;-78.6901;0.234319;0.0901228;true;0;0;0;0;0;0;true;
689;22.9667;177;0.0149512;128.809;22.9435;-78.6901;0.234319;0.0901228;true;0;0;0;0;0;0;true;
690;23;177;0.0149512;128.809;22.9435;-78.6901;0.234319;0.0901228;true;0;0;0;0;0;0;true;
691;23.0333;177;0.0149512;128.809;22.9435;-78.6901;0.234319;0.0901228;true;0;0;0;0;0;0;true;
692;23.0667;177;0.0149512;128.809;22.9435;-78.6901;0.234319;0.0901228;true;0;0;0;0;0;0;true;
693;23.1;177;0.0149512;128.809;22.9435;-78.6901;0.234319;0.0901228;true;0;0;0;0;0;0;true;
694;23.1333;177;0.0149512;128.809;22.9435;-78.6901;0.234319;0.0901228;true;0;0;0;0;0;0;true;
695;23.1667;177;0.0149512;128.809;22.9435;-78.6901;0.234319;0.0901228;true;0;0;0;0;0;0;true;
696;23.2;177;0.0149512;128.809;22.9435;-78.6901;0.234319;0.0901228;true;0;0;0;0;0;0;true;
697;23.2333;177;0.0149512;128.809;22.9435;-78.6901;0.234319;0.0901228;true;0;0;0;0;0;0;true;
698;23.2667;177;0.0149512;128.809;22.9435;-78.6901;0.234319;0.0901228;true;0;0;0;0;0;0;true;
699;23.3;177;0.0149512;128.809;22.9435;-78.6901;0.234319;0.0901228;true;0;0;0;0;0;0;true;
700;23.3333;177;0.0149512;128.809;22.9435;-78.6901;0.234319;0.0901228;true;0;0;0;0;0;0;true;
701;23.3667;177;0.0149512;128.809;22.9435;-78.6901;0.234319;0.0901228;true;0;0;0;0;0;0;true;
702;23.4;177;0.0149512;128.809;22.9435;-78.6901;0.234319;0.0901228;true;0;0;0;0;0;0;true;
703;23.4333;177;0.0149512;128.809;22.9435;-78.6901;0.234319;0.0901228;true;0;0;0;0;0;0;true;
704;23.4667;177;0.0149512;128.809;22.9435;-78.6901;0.234319;0.0901228;true;0;0;0;0;0;0;true;
705;23.5;177;0.0149512;128.809;22.9435;-78.6901;0.234319;0.0901228;true;0;0;0;0;0;0;true;
706;23.5333;177;0.0149512;128.809;22.9435;-78.6901;0.234319;0.0901228;true;0;0;0;0;0;0;true;
707;23.5667;177;0.0149512;128.809;22.9435;-78.6901;0.234319;0.0901228;true;0;0;0;0;0;0;true;
708;23.6;177;0.0149512;128.809;22.9435;-78.6901;0.234319;0.0901228;true;0;0;0;0;0;0;true;
709;23.6333;177;0.0149512;128.809;22.9435;-78.6901;0.234319;0.0901228;true;0;0;0;0;0;0;true;
710;23.6667;177;0.0149512;128.809;22.9435;-78.6901;0.234319;0.0901228;true;0;0;0;0;0;0;true;
711;23.7;177;0.0149512;128.809;22.9435;-78.6901;0.234319;0.0901228;true;0;0;0;0;0;0;true;
712;23.7333;177;0.0149512;128.809;22.9435;-78.6901;0.234319;0.0901228;true;0;0;0;0;0;0;true;
713;23.7667;177;0.0149512;128.809;22.9435;-78.6901;0.234319;0.0901228;true;0;0;0;0;0;0;true;
714;23.8;177;0.0149512;128.809;22.9435;-78.6901;0.234319;0.0901228;true;0;0;0;0;0;0;true;
715;23.8333;177;0.0149512;128.809;22.9435;-78.6901;0.234319;0.0901228;true;0;0;0;0;0;0;true;
716;23.8667;177;0.0149512;128.809;22.9435;-78.6901;0.234319;0.0901228;true;0;0;0;0;0;0;true;
717;23.9;177;0.0149512;128.809;22.9435;-78.6901;0.234319;0.0901228;true;0;0;0;0;0;0;true;
718;23.9333;177;0.0149512;128.809;22.9435;-78.6901;0.234319;0.0901228;true;0;0;0;0;0;0;true;
719;23.9667;177;0.0149512;128.809;22.9435;-78.6901;0.234319;0.0901228;true;0;0;0;0;0;0;true;
720;24;177;0.0149512;128.809;22.9435;-78.6901;0.234319;0.0901228;true;0;0;0;0;0;0;true;
721;24.0333;177;0.0149512;128.809;22.9435;-78.6901;0.234319;0.0901228;true;0;0;0;0;0;0;true;
722;24.0667;177;0.0149512;128.809;22.9435;-78.6901;0.234319;0.0901228;true;0;0;0;0;0;0;true;
723;24.1;177;0.0149512;128.809;22.9435;-78.6901;0.234319;0.0901228;true;0;0;0;0;0;0;true;
724;24.1333;177;0.0149512;128.809;22.9435;-78.6901;0.234319;0.0901228;true;0;0;0;0;0;0;true;
725;24.1667;177;0.0149512;128.809;22.9435;-78.6901;0.234319;0.0901228;true;0;0;0;0;0;0;true;
726;24.2;177;0.0149512;128.809;22.9435;-78.6901;0.234319;0.0901228;true;0;0;0;0;0;0;true;
727;24.2333;177;0.0149512;128.809;22.9435;-78.6901;0.234319;0.0901228;true;0;0;0;0;0;0;true;
728;24.2667;177;0.0149512;128.809;22.9435;-78.6901;0.234319;0.0901228;true;0;0;0;0;0;0;true;
729;24.3;177;0.0149512;128.809;22.9435;-78.6901;0.234319;0.0901228;true;0;0;0;0;0;0;true;
730;24.3333;177;0.0149512;128.809;22.9435;-78.6901;0.234319;0.0901228;true;0;0;0;0;0;0;true;
731;24.3667;152;0.0128394;139.839;24.5833;-3.81407;0.0788654;0.221312;true;11.1512;0.102488;-0.00211175;-0.155453;0.13119;74.876;false;
732;24.4;152;0.0128394;139.839;24.5833;-3.81407;0.0788654;0.221312;true;0;0;0;0;0;0;true;
733;24.4333;152;0.0128394;139.839;24.5833;-3.81407;0.0788654;0.221312;true;0;0;0;0;0;0;true;
734;24.4667;152;0.0128394;139.839;24.5833;-3.81407;0.0788654;0.221312;true;0;0;0;0;0;0;true;
735;24.5;152;0.0128394;139.839;24.5833;-3.81407;0.0788654;0.221312;true;0;0;0;0;0;0;true;
736;24.5333;141;0.0119103;153.287;25.0201;0;0.073526;0.211387;true;13.4555;0.123666;-0.00092917;-0.00533939;-0.00992491;3.81407;false;
737;24.5667;141;0.0119103;153.287;25.0201;0;0.073526;0.211387;true;0;0;0;0;0;0;true;
738;24.6;141;0.0119103;153.287;25.0201;0;0.073526;0.211387;true;0;0;0;0;0;0;true;
739;24.6333;141;0.0119103;153.287;25.0201;0;0.073526;0.211387;true;0;0;0;0;0;0;true;
740;24.6667;141;0.0119103;153.287;25.0201;0;0.073526;0.211387;true;0;0;0;0;0;0;true;
741;24.7;147;0.0124171;169.193;24.873;0;0.0827168;0.211387;true;15.9062;0.14619;0.00050682;0.00919075;0;0;false;
742;24.7333;147;0.0124171;169.193;24.873;0;0.0827168;0.211387;true;0;0;0;0;0;0;true;
743;24.7667;147;0.0124171;169.193;24.873;0;0.0827168;0.211387;true;0;0;0;0;0;0;true;
744;24.8;142.5;0.012037;183.972;24.1965;0;0.073526;0.211387;true;14.7947;0.135974;-0.000380115;-0.00919075;0;0;false;
745;24.8333;142.5;0.012037;183.972;24.1965;0;0.073526;0.211387;true;0;0;0;0;0;0;true;
746;24.8667;142.5;0.012037;183.972;24.1965;0;0.073526;0.211387;true;0;0;0;0;0;0;true;
747;24.9;148.5;0.0125438;195.294;23.5017;-5.19443;0.0765525;0.213015;true;11.3434;0.104254;0.00050682;0.00302641;0.00162813;-5.19443;false;
748;24.9333;148.5;0.0125438;195.294;23.5017;-5.19443;0.0765525;0.213015;true;0;0;0;0;0;0;true;
749;24.9667;149.5;0.0126283;206.332;24.5217;-4.76364;0.0770883;0.212947;true;11.0852;0.101881;8.447e-05;0.000535883;-6.85422e-05;0.430788;false;
750;25;149.5;0.0126283;206.332;24.5217;-4.76364;0.0770883;0.212947;true;0;0;0;0;0;0;true;
751;25.0333;149.5;0.0126283;206.332;24.5217;-4.76364;0.0770883;0.212947;true;0;0;0;0;0;0;true;
752;25.0667;149.5;0.0126283;206.332;24.5217;-4.76364;0.0770883;0.212947;true;0;0;0;0;0;0;true;
753;25.1;154.5;0.0130506;222.869;23.972;0;0.0827168;0.211387;true;16.5464;0.152074;0.00042235;0.00562847;-0.00155959;4.76364;false;
754;25.1333;154.5;0.0130506;222.869;23.972;0;0.0827168;0.211387;true;0;0;0;0;0;0;true;
755;25.1667;154.5;0.0130506;222.869;23.972;0;0.0827168;0.211387;true;0;0;0;0;0;0;true;
756;25.2;162.5;0.0137264;235.507;24.119;0;0.0827168;0.211387;true;12.638;0.116153;0.00067576;0;0;0;false;
757;25.2333;162.5;0.0137264;235.507;24.119;0;0.0827168;0.211387;true;0;0;0;0;0;0;true;
758;25.2667;162.5;0.0137264;235.507;24.119;0;0.0827168;0.211387;true;0;0;0;0;0;0;true;
759;25.3;170.5;0.0144021;247.346;22.9228;0;0.0827168;0.220578;true;11.8996;0.109366;0.00067576;0;0.00919075;0;false;
760;25.3333;170.5;0.0144021;247.346;22.9228;0;0.0827168;0.220578;true;0;0;0;0;0;0;true;
761;25.3667;170.5;0.0144021;247.346;22.9228;0;0.0827168;0.220578;true;0;0;0;0;0;0;true;
762;25.4;170.5;0.0144021;247.346;22.9228;0;0.0827168;0.220578;true;0;0;0;0;0;0;true;
763;25.4333;170.5;0.0144021;247.346;22.9228;0;0.0827168;0.220578;true;0;0;0;0;0;0;true;
764;25.4667;167;0.0141065;260.802;23.5429;0;0.0827168;0.220578;true;13.4706;0.123805;-0.000295645;0;0;0;false;
765;25.5;167;0.0141065;260.802;23.5429;0;0.0827168;0.220578;true;0;0;0;0;0;0;true;
766;25.5333;167;0.0141065;260.802;23.5429;0;0.0827168;0.220578;true;0;0;0;0;0;0;true;
767;25.5667;159.5;0.013473;274.92;23.6938;0;0.0827168;0.211387;true;14.1179;0.129754;-0.000633525;0;-0.00919075;0;false;
768;25.6;159.5;0.013473;274.92;23.6938;0;0.0827168;0.211387;true;0;0;0;0;0;0;true;
769;25.6333;159.5;0.013473;274.92;23.6938;0;0.0827168;0.211387;true;0;0;0;0;0;0;true;
770;25.6667;159.5;0.013473;274.92;23.6938;0;0.0827168;0.211387;true;0;0;0;0;0;0;true;
771;25.7;160;0.0135152;287.733;23.6729;0;0.0827168;0.220578;true;12.8138;0.117768;4.2235e-05;0;0.00919075;0;false;
772;25.7333;160;0.0135152;287.733;23.6729;0;0.0827168;0.220578;true;0;0;0;0;0;0;true;
773;25.7667;163;0.0137686;299.092;23.365;0;0.0827168;0.220578;true;11.3628;0.104433;0.00025341;0;0;0;false;
774;25.8;163;0.0137686;299.092;23.365;0;0.0827168;0.220578;true;0;0;0;0;0;0;true;
775;25.8333;163;0.0137686;299.092;23.365;0;0.0827168;0.220578;true;0;0;0;0;0;0;true;
776;25.8667;163;0.0137686;299.092;23.365;0;0.0827168;0.220578;true;0;0;0;0;0;0;true;
777;25.9;165.5;0.0139798;310.759;23.8338;0;0.0827168;0.220578;true;11.6767;0.107318;0.000211175;0;0;0;false;
778;25.9333;165.5;0.0139798;310.759;23.8338;0;0.0827168;0.220578;true;0;0;0;0;0;0;true;
779;25.9667;165.5;0.0139798;310.759;23.8338;0;0.0827168;0.220578;true;0;0;0;0;0;0;true;
780;26;166.5;0.0140642;323.421;23.2663;0;0.0827168;0.220578;true;12.6748;0.116491;8.447e-05;0;0;0;false;
781;26.0333;166.5;0.0140642;323.421;23.2663;0;0.0827168;0.220578;true;0;0;0;0;0;0;true;
782;26.0667;166.5;0.0140642;323.421;23.2663;0;0.0827168;0.220578;true;0;0;0;0;0;0;true;
783;26.1;166.5;0.0140642;323.421;23.2663;0;0.0827168;0.220578;true;0;0;0;0;0;0;true;
784;26.1333;151;0.012755;338.742;22.7252;0;0.0827168;0.211387;true;15.3299;0.140893;-0.00130928;0;-0.00919075;0;false;
785;26.1667;151;0.012755;338.742;22.7252;0;0.0827168;0.211387;true;0;0;0;0;0;0;true;
786;26.2;151;0.012755;338.742;22.7252;0;0.0827168;0.211387;true;0;0;0;0;0;0;true;
787;26.2333;151;0.012755;338.742;22.7252;0;0.0827168;0.211387;true;0;0;0;0;0;0;true;
788;26.2667;145.5;0.0122904;354.253;22.4593;0;0.0827168;0.202197;true;15.5137;0.142583;-0.000464585;0;-0.00919075;0;false;
789;26.3;145.5;0.0122904;354.253;22.4593;0;0.0827168;0.202197;true;0;0;0;0;0;0;true;
790;26.3333;145.5;0.0122904;354.253;22.4593;0;0.0827168;0.202197;true;0;0;0;0;0;0;true;
791;26.3667;148.5;0.0125438;367.291;22.5376;-5.71059;0.0813918;0.213082;true;13.0378;0.119827;0.00025341;-0.00132502;0.0108853;-5.71059;false;
792;26.4;148.5;0.0125438;367.291;22.5376;-5.71059;0.0813918;0.213082;true;0;0;0;0;0;0;true;
793;26.4333;148.5;0.0125438;367.291;22.5376;-5.71059;0.0813918;0.213082;true;0;0;0;0;0;0;true;
794;26.4667;148.5;0.0125438;367.291;22.5376;-5.71059;0.0813918;0.213082;true;0;0;0;0;0;0;true;
795;26.5;151;0.012755;380.901;22.968;-7.12502;0.082078;0.221154;true;13.6168;0.125149;0.000211175;0.000686272;0.0080729;-1.41442;false;
796;26.5333;151;0.012755;380.901;22.968;-7.12502;0.082078;0.221154;true;0;0;0;0;0;0;true;
797;26.5667;151;0.012755;380.901;22.968;-7.12502;0.082078;0.221154;true;0;0;0;0;0;0;true;
798;26.6;150.5;0.0127127;397.357;22.8494;0;0.0827168;0.211387;true;16.4564;0.151247;-4.2235e-05;0.000638748;-0.00976738;7.12502;false;
799;26.6333;150.5;0.0127127;397.357;22.8494;0;0.0827168;0.211387;true;0;0;0;0;0;0;true;
800;26.6667;150.5;0.0127127;397.357;22.8494;0;0.0827168;0.211387;true;0;0;0;0;0;0;true;
801;26.7;150.5;0.0127127;397.357;22.8494;0;0.0827168;0.211387;true;0;0;0;0;0;0;true;
802;26.7333;144.5;0.0122059;413.376;23.2584;0;0.0827168;0.202197;true;16.0246;0.147278;-0.00050682;0;-0.00919075;0;false;
803;26.7667;144.5;0.0122059;413.376;23.2584;0;0.0827168;0.202197;true;0;0;0;0;0;0;true;
804;26.8;144.5;0.0122059;413.376;23.2584;0;0.0827168;0.202197;true;0;0;0;0;0;0;true;
805;26.8333;144.5;0.0122059;413.376;23.2584;0;0.0827168;0.202197;true;0;0;0;0;0;0;true;
806;26.8667;152.5;0.0128817;430.827;22.8437;0;0.0827168;0.202197;true;17.4562;0.160436;0.00067576;0;0;0;false;
807;26.9;152.5;0.0128817;430.827;22.8437;0;0.0827168;0.202197;true;0;0;0;0;0;0;true;
808;26.9333;152.5;0.0128817;430.827;22.8437;0;0.0827168;0.202197;true;0;0;0;0;0;0;true;
809;26.9667;152.5;0.0128817;430.827;22.8437;0;0.0827168;0.202197;true;0;0;0;0;0;0;true;
810;27;168;0.014191;443.265;22.0169;0;0.0827168;0.211387;true;12.465;0.114563;0.00130928;0;0.00919075;0;false;
811;27.0333;168;0.014191;443.265;22.0169;0;0.0827168;0.211387;true;0;0;0;0;0;0;true;
812;27.0667;168;0.014191;443.265;22.0169;0;0.0827168;0.211387;true;0;0;0;0;0;0;true;
813;27.1;168;0.014191;443.265;22.0169;0;0.0827168;0.211387;true;0;0;0;0;0;0;true;
814;27.1333;162;0.0136841;455.506;21.8323;0;0.0827168;0.211387;true;12.2427;0.11252;-0.00050682;0;0;0;false;
815;27.1667;162;0.0136841;455.506;21.8323;0;0.0827168;0.211387;true;0;0;0;0;0;0;true;
816;27.2;162;0.0136841;455.506;21.8323;0;0.0827168;0.211387;true;0;0;0;0;0;0;true;
817;27.2333;162;0.0136841;455.506;21.8323;0;0.0827168;0.211387;true;0;0;0;0;0;0;true;
818;27.2667;153.5;0.0129661;468.559;22.5081;-6.34019;0.0811959;0.214155;true;13.0705;0.120128;-0.000717995;-0.00152087;0.00276693;-6.34019;false;
819;27.3;153.5;0.0129661;468.559;22.5081;-6.34019;0.0811959;0.214155;true;0;0;0;0;0;0;true;
820;27.3333;153.5;0.0129661;468.559;22.5081;-6.34019;0.0811959;0.214155;true;0;0;0;0;0;0;true;
821;27.3667;150.5;0.0127127;485.038;22.9856;0;0.0827168;0.211387;true;16.4854;0.151513;-0.00025341;0.00152087;-0.00276693;6.34019;false;
822;27.4;150.5;0.0127127;485.038;22.9856;0;0.0827168;0.211387;true;0;0;0;0;0;0;true;
823;27.4333;150.5;0.0127127;485.038;22.9856;0;0.0827168;0.211387;true;0;0;0;0;0;0;true;
824;27.4667;150.5;0.0127127;485.038;22.9856;0;0.0827168;0.211387;true;0;0;0;0;0;0;true;
825;27.5;149.5;0.0126283;497.524;23.0836;0;0.0827168;0.23896;true;12.4867;0.114762;-8.447e-05;0;0.0275723;0;false;
826;27.5333;149.5;0.0126283;497.524;23.0836;0;0.0827168;0.23896;true;0;0;0;0;0;0;true;
827;27.5667;149.5;0.0126283;497.524;23.0836;0;0.0827168;0.23896;true;0;0;0;0;0;0;true;
828;27.6;149.5;0.0126283;497.524;23.0836;0;0.0827168;0.23896;true;0;0;0;0;0;0;true;
829;27.6333;149.5;0.0126283;497.524;23.0836;0;0.0827168;0.23896;true;0;0;0;0;0;0;true;
830;27.6667;149.5;0.0126283;497.524;23.0836;0;0.0827168;0.23896;true;0;0;0;0;0;0;true;
831;27.7;149.5;0.0126283;497.524;23.0836;0;0.0827168;0.23896;true;0;0;0;0;0;0;true;
832;27.7333;149.5;0.0126283;497.524;23.0836;0;0.0827168;0.23896;true;0;0;0;0;0;0;true;
833;27.7667;166;0.014022;508.146;26.0371;0;0.0919075;0.220578;true;11.0246;0.101324;0.00139375;0.00919075;-0.0183815;0;false;
834;27.8;166;0.014022;508.146;26.0371;0;0.0919075;0.220578;true;0;0;0;0;0;0;true;
835;27.8333;166;0.014022;508.146;26.0371;0;0.0919075;0.220578;true;0;0;0;0;0;0;true;
836;27.8667;166;0.014022;508.146;26.0371;0;0.0919075;0.220578;true;0;0;0;0;0;0;true;
837;27.9;166;0.014022;508.146;26.0371;0;0.0919075;0.220578;true;0;0;0;0;0;0;true;
838;27.9333;166;0.014022;508.146;26.0371;0;0.0919075;0.220578;true;0;0;0;0;0;0;true;
839;27.9667;165;0.0139375;518.965;23.7475;0;0.0827168;0.220578;true;11.0587;0.101638;-8.447e-05;-0.00919075;0;0;false;
840;28;165;0.0139375;518.965;23.7475;0;0.0827168;0.220578;true;0;0;0;0;0;0;true;
841;28.0333;165;0.0139375;518.965;23.7475;0;0.0827168;0.220578;true;0;0;0;0;0;0;true;
842;28.0667;165;0.0139375;518.965;23.7475;0;0.0827168;0.220578;true;0;0;0;0;0;0;true;
843;28.1;165;0.0139375;518.965;23.7475;0;0.0827168;0.220578;true;0;0;0;0;0;0;true;
844;28.1333;165;0.0139375;518.965;23.7475;0;0.0827168;0.220578;true;0;0;0;0;0;0;true;
845;28.1667;165;0.0139375;518.965;23.7475;0;0.0827168;0.220578;true;0;0;0;0;0;0;true;
846;28.2;165;0.0139375;518.965;23.7475;0;0.0827168;0.220578;true;0;0;0;0;0;0;true;
847;28.2333;165;0.0139375;518.965;23.7475;0;0.0827168;0.220578;true;0;0;0;0;0;0;true;
848;28.2667;165;0.0139375;518.965;23.7475;0;0.0827168;0.220578;true;0;0;0;0;0;0;true;
849;28.3;174;0.0146978;532.389;22.7672;0;0.0827168;0.211387;true;13.46;0.123708;0.00076023;0;-0.00919075;0;false;
850;28.3333;174;0.0146978;532.389;22.7672;0;0.0827168;0.211387;true;0;0;0;0;0;0;true;
851;28.3667;174;0.0146978;532.389;22.7672;0;0.0827168;0.211387;true;0;0;0;0;0;0;true;
852;28.4;174;0.0146978;532.389;22.7672;0;0.0827168;0.211387;true;0;0;0;0;0;0;true;
853;28.4333;174;0.0146978;532.389;22.7672;0;0.0827168;0.211387;true;0;0;0;0;0;0;true;
854;28.4667;174;0.0146978;532.389;22.7672;0;0.0827168;0.211387;true;0;0;0;0;0;0;true;
855;28.5;174;0.0146978;532.389;22.7672;0;0.0827168;0.211387;true;0;0;0;0;0;0;true;
856;28.5333;174;0.0146978;532.389;22.7672;0;0.0827168;0.211387;true;0;0;0;0;0;0;true;
857;28.5667;165.5;0.0139798;545.228;23.422;-11.3099;0.0901228;0.214492;true;12.8554;0.118151;-0.000717995;0.00740597;0.00310482;-11.3099;false;
858;28.6;165.5;0.0139798;545.228;23.422;-11.3099;0.0901228;0.214492;true;0;0;0;0;0;0;true;
859;28.6333;165.5;0.0139798;545.228;23.422;-11.3099;0.0901228;0.214492;true;0;0;0;0;0;0;true;
860;28.6667;165.5;0.0139798;545.228;23.422;-11.3099;0.0901228;0.214492;true;0;0;0;0;0;0;true;
861;28.7;165.5;0.0139798;545.228;23.422;-11.3099;0.0901228;0.214492;true;0;0;0;0;0;0;true;
862;28.7333;165.5;0.0139798;545.228;23.422;-11.3099;0.0901228;0.214492;true;0;0;0;0;0;0;true;
863;28.7667;155;0.0130928;557.325;23.0645;0;0.0919075;0.193006;true;12.1024;0.11123;-0.000886935;0.00178478;-0.0214863;11.3099;false;
864;28.8;155;0.0130928;557.325;23.0645;0;0.0919075;0.193006;true;0;0;0;0;0;0;true;
865;28.8333;155;0.0130928;557.325;23.0645;0;0.0919075;0.193006;true;0;0;0;0;0;0;true;
866;28.8667;155;0.0130928;557.325;23.0645;0;0.0919075;0.193006;true;0;0;0;0;0;0;true;
867;28.9;155;0.0130928;557.325;23.0645;0;0.0919075;0.193006;true;0;0;0;0;0;0;true;
868;28.9333;155;0.0130928;557.325;23.0645;0;0.0919075;0.193006;true;0;0;0;0;0;0;true;
869;28.9667;155;0.0130928;557.325;23.0645;0;0.0919075;0.193006;true;0;0;0;0;0;0;true;
870;29;155;0.0130928;557.325;23.0645;0;0.0919075;0.193006;true;0;0;0;0;0;0;true;
871;29.0333;155;0.0130928;557.325;23.0645;0;0.0919075;0.193006;true;0;0;0;0;0;0;true;
872;29.0667;155;0.0130928;557.325;23.0645;0;0.0919075;0.193006;true;0;0;0;0;0;0;true;
873;29.1;155;0.0130928;557.325;23.0645;0;0.0919075;0.193006;true;0;0;0;0;0;0;true;
874;29.1333;155;0.0130928;557.325;23.0645;0;0.0919075;0.193006;true;0;0;0;0;0;0;true;
875;29.1667;155;0.0130928;557.325;23.0645;0;0.0919075;0.193006;true;0;0;0;0;0;0;true;
876;29.2;155;0.0130928;557.325;23.0645;0;0.0919075;0.193006;true;0;0;0;0;0;0;true;
877;29.2333;155;0.0130928;557.325;23.0645;0;0.0919075;0.193006;true;0;0;0;0;0;0;true;
878;29.2667;155;0.0130928;557.325;23.0645;0;0.0919075;0.193006;true;0;0;0;0;0;0;true;
879;29.3;155;0.0130928;557.325;23.0645;0;0.0919075;0.193006;true;0;0;0;0;0;0;true;
880;29.3333;155;0.0130928;557.325;23.0645;0;0.0919075;0.193006;true;0;0;0;0;0;0;true;
881;29.3667;155;0.0130928;557.325;23.0645;0;0.0919075;0.193006;true;0;0;0;0;0;0;true;
882;29.4;155;0.0130928;557.325;23.0645;0;0.0919075;0.193006;true;0;0;0;0;0;0;true;
883;29.4333;155;0.0130928;557.325;23.0645;0;0.0919075;0.193006;true;0;0;0;0;0;0;true;
884;29.4667;155;0.0130928;557.325;23.0645;0;0.0919075;0.193006;true;0;0;0;0;0;0;true;
885;29.5;155;0.0130928;557.325;23.0645;0;0.0919075;0.193006;true;0;0;0;0;0;0;true;
886;29.5333;155;0.0130928;557.325;23.0645;0;0.0919075;0.193006;true;0;0;0;0;0;0;true;
887;29.5667;155;0.0130928;557.325;23.0645;0;0.0919075;0.193006;true;0;0;0;0;0;0;true;
888;29.6;155;0.0130928;557.325;23.0645;0;0.0919075;0.193006;true;0;0;0;0;0;0;true;
889;29.6333;155;0.0130928;557.325;23.0645;0;0.0919075;0.193006;true;0;0;0;0;0;0;true;
890;29.6667;155;0.0130928;557.325;23.0645;0;0.0919075;0.193006;true;0;0;0;0;0;0;true;
891;29.7;155;0.0130928;557.325;23.0645;0;0.0919075;0.193006;true;0;0;0;0;0;0;true;
892;29.7333;155;0.0130928;557.325;23.0645;0;0.0919075;0.193006;true;0;0;0;0;0;0;true;
893;29.7667;155;0.0130928;557.325;23.0645;0;0.0919075;0.193006;true;0;0;0;0;0;0;true;
894;29.8;155;0.0130928;557.325;23.0645;0;0.0919075;0.193006;true;0;0;0;0;0;0;true;
895;29.8333;155;0.0130928;557.325;23.0645;0;0.0919075;0.193006;true;0;0;0;0;0;0;true;
896;29.8667;155;0.0130928;557.325;23.0645;0;0.0919075;0.193006;true;0;0;0;0;0;0;true;
897;29.9;155;0.0130928;557.325;23.0645;0;0.0919075;0.193006;true;0;0;0;0;0;0;true;
898;29.9333;155;0.0130928;557.325;23.0645;0;0.0919075;0.193006;true;0;0;0;0;0;0;true;
899;29.9667;155;0.0130928;557.325;23.0645;0;0.0919075;0.193006;true;0;0;0;0;0;0;true;
900;30;155;0.0130928;557.325;23.0645;0;0.0919075;0.193006;true;0;0;0;0;0;0;true;
901;30.0333;155;0.0130928;557.325;23.0645;0;0.0919075;0.193006;true;0;0;0;0;0;0;true;
902;30.0667;155;0.0130928;557.325;23.0645;0;0.0919075;0.193006;true;0;0;0;0;0;0;true;
903;30.1;155;0.0130928;557.325;23.0645;0;0.0919075;0.193006;true;0;0;0;0;0;0;true;
904;30.1333;155;0.0130928;557.325;23.0645;0;0.0919075;0.193006;true;0;0;0;0;0;0;true;
905;30.1667;155;0.0130928;557.325;23.0645;0;0.0919075;0.193006;true;0;0;0;0;0;0;true;
906;30.2;155;0.0130928;557.325;23.0645;0;0.0919075;0.193006;true;0;0;0;0;0;0;true;
907;30.2333;155;0.0130928;557.325;23.0645;0;0.0919075;0.193006;true;0;0;0;0;0;0;true;
908;30.2667;155;0.0130928;557.325;23.0645;0;0.0919075;0.193006;true;0;0;0;0;0;0;true;
909;30.3;155;0.0130928;557.325;23.0645;0;0.0919075;0.193006;true;0;0;0;0;0;0;true;
910;30.3333;155;0.0130928;557.325;23.0645;0;0.0919075;0.193006;true;0;0;0;0;0;0;true;
911;30.3667;155;0.0130928;557.325;23.0645;0;0.0919075;0.193006;true;0;0;0;0;0;0;true;
912;30.4;155;0.0130928;557.325;23.0645;0;0.0919075;0.193006;true;0;0;0;0;0;0;true;
913;30.4333;155;0.0130928;557.325;23.0645;0;0.0919075;0.193006;true;0;0;0;0;0;0;true;
914;30.4667;155;0.0130928;557.325;23.0645;0;0.0919075;0.193006;true;0;0;0;0;0;0;true;
915;30.5;155;0.0130928;557.325;23.0645;0;0.0919075;0.193006;true;0;0;0;0;0;0;true;
916;30.5333;155;0.0130928;557.325;23.0645;0;0.0919075;0.193006;true;0;0;0;0;0;0;true;
917;30.5667;177.5;0.0149934;546.57;24.923;-84.8056;0.238811;0.0882017;true;10.9142;0.10031;0.00190057;0.146903;-0.104804;-84.8056;false;
918;30.6;177.5;0.0149934;546.57;24.923;-84.8056;0.238811;0.0882017;true;0;0;0;0;0;0;true;
919;30.6333;177.5;0.0149934;546.57;24.923;-84.8056;0.238811;0.0882017;true;0;0;0;0;0;0;true;
920;30.6667;177.5;0.0149934;546.57;24.923;-84.8056;0.238811;0.0882017;true;0;0;0;0;0;0;true;
921;30.7;177.5;0.0149934;546.57;24.923;-84.8056;0.238811;0.0882017;true;0;0;0;0;0;0;true;
922;30.7333;177.5;0.0149934;546.57;24.923;-84.8056;0.238811;0.0882017;true;0;0;0;0;0;0;true;
923;30.7667;177.5;0.0149934;546.57;24.923;-84.8056;0.238811;0.0882017;true;0;0;0;0;0;0;true;
924;30.8;177.5;0.0149934;546.57;24.923;-84.8056;0.238811;0.0882017;true;0;0;0;0;0;0;true;
925;30.8333;177.5;0.0149934;546.57;24.923;-84.8056;0.238811;0.0882017;true;0;0;0;0;0;0;true;
926;30.8667;177.5;0.0149934;546.57;24.923;-84.8056;0.238811;0.0882017;true;0;0;0;0;0;0;true;
927;30.9;177.5;0.0149934;546.57;24.923;-84.8056;0.238811;0.0882017;true;0;0;0;0;0;0;true;
928;30.9333;177.5;0.0149934;546.57;24.923;-84.8056;0.238811;0.0882017;true;0;0;0;0;0;0;true;
929;30.9667;177.5;0.0149934;546.57;24.923;-84.8056;0.238811;0.0882017;true;0;0;0;0;0;0;true;
930;31;183;0.015458;533.264;24.378;-84.2894;0.246004;0.0914514;true;13.317;0.122393;0.000464585;0.00719399;0.00324969;0.516167;false;
931;31.0333;183;0.015458;533.264;24.378;-84.2894;0.246004;0.0914514;true;0;0;0;0;0;0;true;
932;31.0667;183;0.015458;533.264;24.378;-84.2894;0.246004;0.0914514;true;0;0;0;0;0;0;true;
933;31.1;183;0.015458;533.264;24.378;-84.2894;0.246004;0.0914514;true;0;0;0;0;0;0;true;
934;31.1333;183;0.015458;533.264;24.378;-84.2894;0.246004;0.0914514;true;0;0;0;0;0;0;true;
935;31.1667;183;0.015458;533.264;24.378;-84.2894;0.246004;0.0914514;true;0;0;0;0;0;0;true;
936;31.2;183;0.015458;533.264;24.378;-84.2894;0.246004;0.0914514;true;0;0;0;0;0;0;true;
937;31.2333;183;0.015458;533.264;24.378;-84.2894;0.246004;0.0914514;true;0;0;0;0;0;0;true;
938;31.2667;183;0.015458;533.264;24.378;-84.2894;0.246004;0.0914514;true;0;0;0;0;0;0;true;
939;31.3;183;0.015458;533.264;24.378;-84.2894;0.246004;0.0914514;true;0;0;0;0;0;0;true;
940;31.3333;183;0.015458;533.264;24.378;-84.2894;0.246004;0.0914514;true;0;0;0;0;0;0;true;
941;31.3667;183;0.015458;533.264;24.378;-84.2894;0.246004;0.0914514;true;0;0;0;0;0;0;true;
942;31.4;167;0.0141065;519.595;24.5599;0;0.0827168;0.23896;true;13.6705;0.125642;-0.00135152;-0.163288;0.147508;84.2894;false;
943;31.4333;167;0.0141065;519.595;24.5599;0;0.0827168;0.23896;true;0;0;0;0;0;0;true;
944;31.4667;167;0.0141065;519.595;24.5599;0;0.0827168;0.23896;true;0;0;0;0;0;0;true;
945;31.5;167;0.0141065;519.595;24.5599;0;0.0827168;0.23896;true;0;0;0;0;0;0;true;
946;31.5333;167;0.0141065;519.595;24.5599;0;0.0827168;0.23896;true;0;0;0;0;0;0;true;
947;31.5667;167;0.0141065;519.595;24.5599;0;0.0827168;0.23896;true;0;0;0;0;0;0;true;
948;31.6;165;0.0139375;506.375;23.8596;0;0.0919075;0.229769;true;13.2386;0.121673;-0.00016894;0.00919075;-0.00919075;0;false;
949;31.6333;165;0.0139375;506.375;23.8596;0;0.0919075;0.229769;true;0;0;0;0;0;0;true;
950;31.6667;165;0.0139375;506.375;23.8596;0;0.0919075;0.229769;true;0;0;0;0;0;0;true;
951;31.7;165;0.0139375;506.375;23.8596;0;0.0919075;0.229769;true;0;0;0;0;0;0;true;
952;31.7333;165;0.0139375;506.375;23.8596;0;0.0919075;0.229769;true;0;0;0;0;0;0;true;
953;31.7667;149;0.012586;492.367;23.3423;-81.8699;0.222261;0.0792859;true;14.0174;0.12883;-0.00135152;0.130353;-0.150483;-81.8699;false;
954;31.8;149;0.012586;492.367;23.3423;-81.8699;0.222261;0.0792859;true;0;0;0;0;0;0;true;
955;31.8333;149;0.012586;492.367;23.3423;-81.8699;0.222261;0.0792859;true;0;0;0;0;0;0;true;
956;31.8667;149;0.012586;492.367;23.3423;-81.8699;0.222261;0.0792859;true;0;0;0;0;0;0;true;
957;31.9;149;0.012586;492.367;23.3423;-81.8699;0.222261;0.0792859;true;0;0;0;0;0;0;true;
958;31.9333;141.5;0.0119525;481.426;23.4005;-82.875;0.214315;0.0786582;true;10.9406;0.100552;-0.000633525;-0.00794562;-0.000627792;-1.00509;false;
959;31.9667;141.5;0.0119525;481.426;23.4005;-82.875;0.214315;0.0786582;true;0;0;0;0;0;0;true;
960;32;141.5;0.0119525;481.426;23.4005;-82.875;0.214315;0.0786582;true;0;0;0;0;0;0;true;
961;32.0333;141.5;0.0119525;481.426;23.4005;-82.875;0.214315;0.0786582;true;0;0;0;0;0;0;true;
962;32.0667;141.5;0.0119525;481.426;23.4005;-82.875;0.214315;0.0786582;true;0;0;0;0;0;0;true;
963;32.1;141.5;0.0119525;481.426;23.4005;-82.875;0.214315;0.0786582;true;0;0;0;0;0;0;true;
964;32.1333;141.5;0.0119525;481.426;23.4005;-82.875;0.214315;0.0786582;true;0;0;0;0;0;0;true;
965;32.1667;141.5;0.0119525;481.426;23.4005;-82.875;0.214315;0.0786582;true;0;0;0;0;0;0;true;
966;32.2;141.5;0.0119525;481.426;23.4005;-82.875;0.214315;0.0786582;true;0;0;0;0;0;0;true;
967;32.2333;141.5;0.0119525;481.426;23.4005;-82.875;0.214315;0.0786582;true;0;0;0;0;0;0;true;
968;32.2667;141.5;0.0119525;481.426;23.4005;-82.875;0.214315;0.0786582;true;0;0;0;0;0;0;true;
969;32.3;141.5;0.0119525;481.426;23.4005;-82.875;0.214315;0.0786582;true;0;0;0;0;0;0;true;
970;32.3333;141.5;0.0119525;481.426;23.4005;-82.875;0.214315;0.0786582;true;0;0;0;0;0;0;true;
971;32.3667;141.5;0.0119525;481.426;23.4005;-82.875;0.214315;0.0786582;true;0;0;0;0;0;0;true;
972;32.4;141.5;0.0119525;481.426;23.4005;-82.875;0.214315;0.0786582;true;0;0;0;0;0;0;true;
973;32.4333;141.5;0.0119525;481.426;23.4005;-82.875;0.214315;0.0786582;true;0;0;0;0;0;0;true;
974;32.4667;141.5;0.0119525;481.426;23.4005;-82.875;0.214315;0.0786582;true;0;0;0;0;0;0;true;
975;32.5;141.5;0.0119525;481.426;23.4005;-82.875;0.214315;0.0786582;true;0;0;0;0;0;0;true;
976;32.5333;141.5;0.0119525;481.426;23.4005;-82.875;0.214315;0.0786582;true;0;0;0;0;0;0;true;
977;32.5667;141.5;0.0119525;481.426;23.4005;-82.875;0.214315;0.0786582;true;0;0;0;0;0;0;true;
978;32.6;141.5;0.0119525;481.426;23.4005;-82.875;0.214315;0.0786582;true;0;0;0;0;0;0;true;
979;32.6333;141.5;0.0119525;481.426;23.4005;-82.875;0.214315;0.0786582;true;0;0;0;0;0;0;true;
980;32.6667;141.5;0.0119525;481.426;23.4005;-82.875;0.214315;0.0786582;true;0;0;0;0;0;0;true;
981;32.7;141.5;0.0119525;481.426;23.4005;-82.875;0.214315;0.0786582;true;0;0;0;0;0;0;true;
982;32.7333;141.5;0.0119525;481.426;23.4005;-82.875;0.214315;0.0786582;true;0;0;0;0;0;0;true;
983;32.7667;141.5;0.0119525;481.426;23.4005;-82.875;0.214315;0.0786582;true;0;0;0;0;0;0;true;
984;32.8;141.5;0.0119525;481.426;23.4005;-82.875;0.214315;0.0786582;true;0;0;0;0;0;0;true;
985;32.8333;141.5;0.0119525;481.426;23.4005;-82.875;0.214315;0.0786582;true;0;0;0;0;0;0;true;
986;32.8667;141.5;0.0119525;481.426;23.4005;-82.875;0.214315;0.0786582;true;0;0;0;0;0;0;true;
987;32.9;141.5;0.0119525;481.426;23.4005;-82.875;0.214315;0.0786582;true;0;0;0;0;0;0;true;
988;32.9333;141.5;0.0119525;481.426;23.4005;-82.875;0.214315;0.0786582;true;0;0;0;0;0;0;true;
989;32.9667;141.5;0.0119525;481.426;23.4005;-82.875;0.214315;0.0786582;true;0;0;0;0;0;0;true;
990;33;141.5;0.0119525;481.426;23.4005;-82.875;0.214315;0.0786582;true;0;0;0;0;0;0;true;
991;33.0333;141.5;0.0119525;481.426;23.4005;-82.875;0.214315;0.0786582;true;0;0;0;0;0;0;true;
992;33.0667;141.5;0.0119525;481.426;23.4005;-82.875;0.214315;0.0786582;true;0;0;0;0;0;0;true;
993;33.1;141.5;0.0119525;481.426;23.4005;-82.875;0.214315;0.0786582;true;0;0;0;0;0;0;true;
994;33.1333;141.5;0.0119525;481.426;23.4005;-82.875;0.214315;0.0786582;true;0;0;0;0;0;0;true;
995;33.1667;141.5;0.0119525;481.426;23.4005;-82.875;0.214315;0.0786582;true;0;0;0;0;0;0;true;
996;33.2;141.5;0.0119525;481.426;23.4005;-82.875;0.214315;0.0786582;true;0;0;0;0;0;0;true;
997;33.2333;141.5;0.0119525;481.426;23.4005;-82.875;0.214315;0.0786582;true;0;0;0;0;0;0;true;
998;33.2667;141.5;0.0119525;481.426;23.4005;-82.875;0.214315;0.0786582;true;0;0;0;0;0;0;true;
999;33.3;141.5;0.0119525;481.426;23.4005;-82.875;0.214315;0.0786582;true;0;0;0;0;0;0;true;
1000;33.3333;141.5;0.0119525;481.426;23.4005;-82.875;0.214315;0.0786582;true;0;0;0;0;0;0;true;
1001;33.3667;141.5;0.0119525;481.426;23.4005;-82.875;0.214315;0.0786582;true;0;0;0;0;0;0;true;
1002;33.4;141.5;0.0119525;481.426;23.4005;-82.875;0.214315;0.0786582;true;0;0;0;0;0;0;true;
1003;33.4333;141.5;0.0119525;481.426;23.4005;-82.875;0.214315;0.0786582;true;0;0;0;0;0;0;true;
1004;33.4667;141.5;0.0119525;481.426;23.4005;-82.875;0.214315;0.0786582;true;0;0;0;0;0;0;true;
1005;33.5;141.5;0.0119525;481.426;23.4005;-82.875;0.214315;0.0786582;true;0;0;0;0;0;0;true;
1006;33.5333;141.5;0.0119525;481.426;23.4005;-82.875;0.214315;0.0786582;true;0;0;0;0;0;0;true;
1007;33.5667;141.5;0.0119525;481.426;23.4005;-82.875;0.214315;0.0786582;true;0;0;0;0;0;0;true;
1008;33.6;141.5;0.0119525;481.426;23.4005;-82.875;0.214315;0.0786582;true;0;0;0;0;0;0;true;
1009;33.6333;141.5;0.0119525;481.426;23.4005;-82.875;0.214315;0.0786582;true;0;0;0;0;0;0;true;
1010;33.6667;141.5;0.0119525;481.426;23.4005;-82.875;0.214315;0.0786582;true;0;0;0;0;0;0;true;
1011;33.7;141.5;0.0119525;481.426;23.4005;-82.875;0.214315;0.0786582;true;0;0;0;0;0;0;true;
1012;33.7333;141.5;0.0119525;481.426;23.4005;-82.875;0.214315;0.0786582;true;0;0;0;0;0;0;true;
1013;33.7667;141.5;0.0119525;481.426;23.4005;-82.875;0.214315;0.0786582;true;0;0;0;0;0;0;true;
1014;33.8;141.5;0.0119525;481.426;23.4005;-82.875;0.214315;0.0786582;true;0;0;0;0;0;0;true;
1015;33.8333;141.5;0.0119525;481.426;23.4005;-82.875;0.214315;0.0786582;true;0;0;0;0;0;0;true;
1016;33.8667;141.5;0.0119525;481.426;23.4005;-82.875;0.214315;0.0786582;true;0;0;0;0;0;0;true;
1017;33.9;141.5;0.0119525;481.426;23.4005;-82.875;0.214315;0.0786582;true;0;0;0;0;0;0;true;
1018;33.9333;141.5;0.0119525;481.426;23.4005;-82.875;0.214315;0.0786582;true;0;0;0;0;0;0;true;
1019;33.9667;141.5;0.0119525;481.426;23.4005;-82.875;0.214315;0.0786582;true;0;0;0;0;0;0;true;
1020;34;141.5;0.0119525;481.426;23.4005;-82.875;0.214315;0.0786582;true;0;0;0;0;0;0;true;
1021;34.0333;141.5;0.0119525;481.426;23.4005;-82.875;0.214315;0.0786582;true;0;0;0;0;0;0;true;
1022;34.0667;141.5;0.0119525;481.426;23.4005;-82.875;0.214315;0.0786582;true;0;0;0;0;0;0;true;
1023;34.1;141.5;0.0119525;481.426;23.4005;-82.875;0.214315;0.0786582;true;0;0;0;0;0;0;true;
1024;34.1333;141.5;0.0119525;481.426;23.4005;-82.875;0.214315;0.0786582;true;0;0;0;0;0;0;true;
1025;34.1667;141.5;0.0119525;481.426;23.4005;-82.875;0.214315;0.0786582;true;0;0;0;0;0;0;true;
1026;34.2;141.5;0.0119525;481.426;23.4005;-82.875;0.214315;0.0786582;true;0;0;0;0;0;0;true;
1027;34.2333;141.5;0.0119525;481.426;23.4005;-82.875;0.214315;0.0786582;true;0;0;0;0;0;0;true;
1028;34.2667;141.5;0.0119525;481.426;23.4005;-82.875;0.214315;0.0786582;true;0;0;0;0;0;0;true;
1029;34.3;141.5;0.0119525;481.426;23.4005;-82.875;0.214315;0.0786582;true;0;0;0;0;0;0;true;
1030;34.3333;141.5;0.0119525;481.426;23.4005;-82.875;0.214315;0.0786582;true;0;0;0;0;0;0;true;
1031;34.3667;141.5;0.0119525;481.426;23.4005;-82.875;0.214315;0.0786582;true;0;0;0;0;0;0;true;
1032;34.4;141.5;0.0119525;481.426;23.4005;-82.875;0.214315;0.0786582;true;0;0;0;0;0;0;true;
1033;34.4333;141.5;0.0119525;481.426;23.4005;-82.875;0.214315;0.0786582;true;0;0;0;0;0;0;true;
1034;34.4667;141.5;0.0119525;481.426;23.4005;-82.875;0.214315;0.0786582;true;0;0;0;0;0;0;true;
1035;34.5;141.5;0.0119525;481.426;23.4005;-82.875;0.214315;0.0786582;true;0;0;0;0;0;0;true;
1036;34.5333;141.5;0.0119525;481.426;23.4005;-82.875;0.214315;0.0786582;true;0;0;0;0;0;0;true;
1037;34.5667;141.5;0.0119525;481.426;23.4005;-82.875;0.214315;0.0786582;true;0;0;0;0;0;0;true;
1038;34.6;141.5;0.0119525;481.426;23.4005;-82.875;0.214315;0.0786582;true;0;0;0;0;0;0;true;
1039;34.6333;141.5;0.0119525;481.426;23.4005;-82.875;0.214315;0.0786582;true;0;0;0;0;0;0;true;
1040;34.6667;141.5;0.0119525;481.426;23.4005;-82.875;0.214315;0.0786582;true;0;0;0;0;0;0;true;
1041;34.7;141.5;0.0119525;481.426;23.4005;-82.875;0.214315;0.0786582;true;0;0;0;0;0;0;true;
1042;34.7333;141.5;0.0119525;481.426;23.4005;-82.875;0.214315;0.0786582;true;0;0;0;0;0;0;true;
1043;34.7667;141.5;0.0119525;481.426;23.4005;-82.875;0.214315;0.0786582;true;0;0;0;0;0;0;true;
1044;34.8;141.5;0.0119525;481.426;23.4005;-82.875;0.214315;0.0786582;true;0;0;0;0;0;0;true;
1045;34.8333;141.5;0.0119525;481.426;23.4005;-82.875;0.214315;0.0786582;true;0;0;0;0;0;0;true;
1046;34.8667;141.5;0.0119525;481.426;23.4005;-82.875;0.214315;0.0786582;true;0;0;0;0;0;0;true;
1047;34.9;141.5;0.0119525;481.426;23.4005;-82.875;0.214315;0.0786582;true;0;0;0;0;0;0;true;
1048;34.9333;141.5;0.0119525;481.426;23.4005;-82.875;0.214315;0.0786582;true;0;0;0;0;0;0;true;
1049;34.9667;141.5;0.0119525;481.426;23.4005;-82.875;0.214315;0.0786582;true;0;0;0;0;0;0;true;
1050;35;141.5;0.0119525;481.426;23.4005;-82.875;0.214315;0.0786582;true;0;0;0;0;0;0;true;
1051;35.0333;141.5;0.0119525;481.426;23.4005;-82.875;0.214315;0.0786582;true;0;0;0;0;0;0;true;
1052;35.0667;141.5;0.0119525;481.426;23.4005;-82.875;0.214315;0.0786582;true;0;0;0;0;0;0;true;
1053;35.1;141.5;0.0119525;481.426;23.4005;-82.875;0.214315;0.0786582;true;0;0;0;0;0;0;true;
1054;35.1333;141.5;0.0119525;481.426;23.4005;-82.875;0.214315;0.0786582;true;0;0;0;0;0;0;true;
1055;35.1667;141.5;0.0119525;481.426;23.4005;-82.875;0.214315;0.0786582;true;0;0;0;0;0;0;true;
1056;35.2;141.5;0.0119525;481.426;23.4005;-82.875;0.214315;0.0786582;true;0;0;0;0;0;0;true;
1057;35.2333;141.5;0.0119525;481.426;23.4005;-82.875;0.214315;0.0786582;true;0;0;0;0;0;0;true;
1058;35.2667;141.5;0.0119525;481.426;23.4005;-82.875;0.214315;0.0786582;true;0;0;0;0;0;0;true;
1059;35.3;141.5;0.0119525;481.426;23.4005;-82.875;0.214315;0.0786582;true;0;0;0;0;0;0;true;
1060;35.3333;141.5;0.0119525;481.426;23.4005;-82.875;0.214315;0.0786582;true;0;0;0;0;0;0;true;
1061;35.3667;141.5;0.0119525;481.426;23.4005;-82.875;0.214315;0.0786582;true;0;0;0;0;0;0;true;
1062;35.4;141.5;0.0119525;481.426;23.4005;-82.875;0.214315;0.0786582;true;0;0;0;0;0;0;true;
1063;35.4333;141.5;0.0119525;481.426;23.4005;-82.875;0.214315;0.0786582;true;0;0;0;0;0;0;true;
1064;35.4667;141.5;0.0119525;481.426;23.4005;-82.875;0.214315;0.0786582;true;0;0;0;0;0;0;true;
1065;35.5;141.5;0.0119525;481.426;23.4005;-82.875;0.214315;0.0786582;true;0;0;0;0;0;0;true;
1066;35.5333;141.5;0.0119525;481.426;23.4005;-82.875;0.214315;0.0786582;true;0;0;0;0;0;0;true;
1067;35.5667;141.5;0.0119525;481.426;23.4005;-82.875;0.214315;0.0786582;true;0;0;0;0;0;0;true;
1068;35.6;141.5;0.0119525;481.426;23.4005;-82.875;0.214315;0.0786582;true;0;0;0;0;0;0;true;
1069;35.6333;141.5;0.0119525;481.426;23.4005;-82.875;0.214315;0.0786582;true;0;0;0;0;0;0;true;
1070;35.6667;141.5;0.0119525;481.426;23.4005;-82.875;0.214315;0.0786582;true;0;0;0;0;0;0;true;
1071;35.7;141.5;0.0119525;481.426;23.4005;-82.875;0.214315;0.0786582;true;0;0;0;0;0;0;true;
1072;35.7333;141.5;0.0119525;481.426;23.4005;-82.875;0.214315;0.0786582;true;0;0;0;0;0;0;true;
1073;35.7667;141.5;0.0119525;481.426;23.4005;-82.875;0.214315;0.0786582;true;0;0;0;0;0;0;true;
1074;35.8;141.5;0.0119525;481.426;23.4005;-82.875;0.214315;0.0786582;true;0;0;0;0;0;0;true;
1075;35.8333;141.5;0.0119525;481.426;23.4005;-82.875;0.214315;0.0786582;true;0;0;0;0;0;0;true;
1076;35.8667;141.5;0.0119525;481.426;23.4005;-82.875;0.214315;0.0786582;true;0;0;0;0;0;0;true;
1077;35.9;141.5;0.0119525;481.426;23.4005;-82.875;0.214315;0.0786582;true;0;0;0;0;0;0;true;
1078;35.9333;141.5;0.0119525;481.426;23.4005;-82.875;0.214315;0.0786582;true;0;0;0;0;0;0;true;
1079;35.9667;141.5;0.0119525;481.426;23.4005;-82.875;0.214315;0.0786582;true;0;0;0;0;0;0;true;
1080;36;141.5;0.0119525;481.426;23.4005;-82.875;0.214315;0.0786582;true;0;0;0;0;0;0;true;
1081;36.0333;141.5;0.0119525;481.426;23.4005;-82.875;0.214315;0.0786582;true;0;0;0;0;0;0;true;
1082;36.0667;141.5;0.0119525;481.426;23.4005;-82.875;0.214315;0.0786582;true;0;0;0;0;0;0;true;
1083;36.1;141.5;0.0119525;481.426;23.4005;-82.875;0.214315;0.0786582;true;0;0;0;0;0;0;true;
1084;36.1333;141.5;0.0119525;481.426;23.4005;-82.875;0.214315;0.0786582;true;0;0;0;0;0;0;true;
1085;36.1667;141.5;0.0119525;481.426;23.4005;-82.875;0.214315;0.0786582;true;0;0;0;0;0;0;true;
1086;36.2;141.5;0.0119525;481.426;23.4005;-82.875;0.214315;0.0786582;true;0;0;0;0;0;0;true;
1087;36.2333;141.5;0.0119525;481.426;23.4005;-82.875;0.214315;0.0786582;true;0;0;0;0;0;0;true;
1088;36.2667;141.5;0.0119525;481.426;23.4005;-82.875;0.214315;0.0786582;true;0;0;0;0;0;0;true;
1089;36.3;141.5;0.0119525;481.426;23.4005;-82.875;0.214315;0.0786582;true;0;0;0;0;0;0;true;
1090;36.3333;141.5;0.0119525;481.426;23.4005;-82.875;0.214315;0.0786582;true;0;0;0;0;0;0;true;
1091;36.3667;141.5;0.0119525;481.426;23.4005;-82.875;0.214315;0.0786582;true;0;0;0;0;0;0;true;
1092;36.4;141.5;0.0119525;481.426;23.4005;-82.875;0.214315;0.0786582;true;0;0;0;0;0;0;true;
1093;36.4333;141.5;0.0119525;481.426;23.4005;-82.875;0.214315;0.0786582;true;0;0;0;0;0;0;true;
1094;36.4667;141.5;0.0119525;481.426;23.4005;-82.875;0.214315;0.0786582;true;0;0;0;0;0;0;true;
1095;36.5;141.5;0.0119525;481.426;23.4005;-82.875;0.214315;0.0786582;true;0;0;0;0;0;0;true;
1096;36.5333;141.5;0.0119525;481.426;23.4005;-82.875;0.214315;0.0786582;true;0;0;0;0;0;0;true;
1097;36.5667;141.5;0.0119525;481.426;23.4005;-82.875;0.214315;0.0786582;true;0;0;0;0;0;0;true;
1098;36.6;141.5;0.0119525;481.426;23.4005;-82.875;0.214315;0.0786582;true;0;0;0;0;0;0;true;
1099;36.6333;141.5;0.0119525;481.426;23.4005;-82.875;0.214315;0.0786582;true;0;0;0;0;0;0;true;
1100;36.6667;141.5;0.0119525;481.426;23.4005;-82.875;0.214315;0.0786582;true;0;0;0;0;0;0;true;
1101;36.7;141.5;0.0119525;481.426;23.4005;-82.875;0.214315;0.0786582;true;0;0;0;0;0;0;true;
1102;36.7333;141.5;0.0119525;481.426;23.4005;-82.875;0.214315;0.0786582;true;0;0;0;0;0;0;true;
1103;36.7667;141.5;0.0119525;481.426;23.4005;-82.875;0.214315;0.0786582;true;0;0;0;0;0;0;true;
1104;36.8;141.5;0.0119525;481.426;23.4005;-82.875;0.214315;0.0786582;true;0;0;0;0;0;0;true;
1105;36.8333;141.5;0.0119525;481.426;23.4005;-82.875;0.214315;0.0786582;true;0;0;0;0;0;0;true;
1106;36.8667;141.5;0.0119525;481.426;23.4005;-82.875;0.214315;0.0786582;true;0;0;0;0;0;0;true;
1107;36.9;141.5;0.0119525;481.426;23.4005;-82.875;0.214315;0.0786582;true;0;0;0;0;0;0;true;
1108;36.9333;141.5;0.0119525;481.426;23.4005;-82.875;0.214315;0.0786582;true;0;0;0;0;0;0;true;
1109;36.9667;141.5;0.0119525;481.426;23.4005;-82.875;0.214315;0.0786582;true;0;0;0;0;0;0;true;
1110;37;141.5;0.0119525;481.426;23.4005;-82.875;0.214315;0.0786582;true;0;0;0;0;0;0;true;
1111;37.0333;141.5;0.0119525;481.426;23.4005;-82.875;0.214315;0.0786582;true;0;0;0;0;0;0;true;
1112;37.0667;141.5;0.0119525;481.426;23.4005;-82.875;0.214315;0.0786582;true;0;0;0;0;0;0;true;
1113;37.1;141.5;0.0119525;481.426;23.4005;-82.875;0.214315;0.0786582;true;0;0;0;0;0;0;true;
1114;37.1333;141.5;0.0119525;481.426;23.4005;-82.875;0.214315;0.0786582;true;0;0;0;0;0;0;true;
1115;37.1667;141.5;0.0119525;481.426;23.4005;-82.875;0.214315;0.0786582;true;0;0;0;0;0;0;true;
1116;37.2;154;0.0130084;469.334;24.3063;-83.6598;0.216184;0.0832259;true;12.1259;0.111446;0.00105587;0.00186927;0.00456771;-0.784828;false;
1117;37.2333;154;0.0130084;469.334;24.3063;-83.6598;0.216184;0.0832259;true;0;0;0;0;0;0;true;
1118;37.2667;154;0.0130084;469.334;24.3063;-83.6598;0.216184;0.0832259;true;0;0;0;0;0;0;true;
1119;37.3;154;0.0130084;469.334;24.3063;-83.6598;0.216184;0.0832259;true;0;0;0;0;0;0;true;
1120;37.3333;154;0.0130084;469.334;24.3063;-83.6598;0.216184;0.0832259;true;0;0;0;0;0;0;true;
1121;37.3667;154;0.0130084;469.334;24.3063;-83.6598;0.216184;0.0832259;true;0;0;0;0;0;0;true;
1122;37.4;163.5;0.0138108;454.943;23.1397;-82.875;0.224574;0.084358;true;14.4387;0.132703;0.000802465;0.00839046;0.00113215;0.784828;false;
1123;37.4333;163.5;0.0138108;454.943;23.1397;-82.875;0.224574;0.084358;true;0;0;0;0;0;0;true;
1124;37.4667;163.5;0.0138108;454.943;23.1397;-82.875;0.224574;0.084358;true;0;0;0;0;0;0;true;
1125;37.5;163.5;0.0138108;454.943;23.1397;-82.875;0.224574;0.084358;true;0;0;0;0;0;0;true;
1126;37.5333;167;0.0141065;441.081;22.7046;0;0.0919075;0.23896;true;13.8689;0.127466;0.000295645;-0.132667;0.154601;82.875;false;
1127;37.5667;167;0.0141065;441.081;22.7046;0;0.0919075;0.23896;true;0;0;0;0;0;0;true;
1128;37.6;167;0.0141065;441.081;22.7046;0;0.0919075;0.23896;true;0;0;0;0;0;0;true;
1129;37.6333;167;0.0141065;441.081;22.7046;0;0.0919075;0.23896;true;0;0;0;0;0;0;true;
1130;37.6667;148.5;0.0125438;429.228;21.9764;-81.2538;0.225699;0.0824537;true;11.8753;0.109143;-0.00156269;0.133792;-0.156506;-81.2538;false;
1131;37.7;148.5;0.0125438;429.228;21.9764;-81.2538;0.225699;0.0824537;true;0;0;0;0;0;0;true;
1132;37.7333;130.5;0.0110233;417.109;22;-80.5377;0.20549;0.0755475;true;12.1193;0.111386;-0.00152046;-0.0202102;-0.00690616;0.716164;false;
1133;37.7667;130.5;0.0110233;417.109;22;-80.5377;0.20549;0.0755475;true;0;0;0;0;0;0;true;
1134;37.8;130.5;0.0110233;417.109;22;-80.5377;0.20549;0.0755475;true;0;0;0;0;0;0;true;
1135;37.8333;130.5;0.0110233;417.109;22;-80.5377;0.20549;0.0755475;true;0;0;0;0;0;0;true;
1136;37.8667;128.5;0.0108544;404.799;20.1933;-75.9638;0.198389;0.0757889;true;12.4415;0.114347;-0.00016894;-0.00710071;0.000241361;4.57391;false;
1137;37.9;128.5;0.0108544;404.799;20.1933;-75.9638;0.198389;0.0757889;true;0;0;0;0;0;0;true;
1138;37.9333;128.5;0.0108544;404.799;20.1933;-75.9638;0.198389;0.0757889;true;0;0;0;0;0;0;true;
1139;37.9667;127;0.0107277;393.37;19.0774;0;0.073526;0.202197;true;11.4832;0.105539;-0.000126705;-0.124863;0.126408;75.9638;false;
1140;38;127;0.0107277;393.37;19.0774;0;0.073526;0.202197;true;0;0;0;0;0;0;true;
1141;38.0333;127;0.0107277;393.37;19.0774;0;0.073526;0.202197;true;0;0;0;0;0;0;true;
1142;38.0667;127;0.0107277;393.37;19.0774;0;0.073526;0.202197;true;0;0;0;0;0;0;true;
1143;38.1;136;0.0114879;381.875;20.4718;-78.6901;0.216294;0.0739006;true;11.5793;0.106422;0.00076023;0.142768;-0.128296;-78.6901;false;
1144;38.1333;136;0.0114879;381.875;20.4718;-78.6901;0.216294;0.0739006;true;0;0;0;0;0;0;true;
1145;38.1667;136;0.0114879;381.875;20.4718;-78.6901;0.216294;0.0739006;true;0;0;0;0;0;0;true;
1146;38.2;136;0.0114879;381.875;20.4718;-78.6901;0.216294;0.0739006;true;0;0;0;0;0;0;true;
1147;38.2333;136;0.0114879;381.875;20.4718;-78.6901;0.216294;0.0739006;true;0;0;0;0;0;0;true;
1148;38.2667;136;0.0114879;381.875;20.4718;-78.6901;0.216294;0.0739006;true;0;0;0;0;0;0;true;
1149;38.3;135;0.0114034;370.452;17.1062;-60.2551;0.218875;0.0786582;true;11.9087;0.10945;-8.447e-05;0.00258009;0.00475745;18.435;false;
1150;38.3333;135;0.0114034;370.452;17.1062;-60.2551;0.218875;0.0786582;true;0;0;0;0;0;0;true;
1151;38.3667;135;0.0114034;370.452;17.1062;-60.2551;0.218875;0.0786582;true;0;0;0;0;0;0;true;
1152;38.4;135;0.0114034;370.452;17.1062;-60.2551;0.218875;0.0786582;true;0;0;0;0;0;0;true;
1153;38.4333;135;0.0114034;370.452;17.1062;-60.2551;0.218875;0.0786582;true;0;0;0;0;0;0;true;
1154;38.4667;135;0.0114034;370.452;17.1062;-60.2551;0.218875;0.0786582;true;0;0;0;0;0;0;true;
1155;38.5;135;0.0114034;370.452;17.1062;-60.2551;0.218875;0.0786582;true;0;0;0;0;0;0;true;
1156;38.5333;135;0.0114034;370.452;17.1062;-60.2551;0.218875;0.0786582;true;0;0;0;0;0;0;true;
1157;38.5667;132.5;0.0111923;359.281;15.3899;-63.435;0.201402;0.0739841;true;11.3024;0.103878;-0.000211175;-0.0174735;-0.00467398;-3.17984;false;
1158;38.6;132.5;0.0111923;359.281;15.3899;-63.435;0.201402;0.0739841;true;0;0;0;0;0;0;true;
1159;38.6333;132.5;0.0111923;359.281;15.3899;-63.435;0.201402;0.0739841;true;0;0;0;0;0;0;true;
1160;38.6667;132.5;0.0111923;359.281;15.3899;-63.435;0.201402;0.0739841;true;0;0;0;0;0;0;true;
1161;38.7;132.5;0.0111923;359.281;15.3899;-63.435;0.201402;0.0739841;true;0;0;0;0;0;0;true;
1162;38.7333;132.5;0.0111923;359.281;15.3899;-63.435;0.201402;0.0739841;true;0;0;0;0;0;0;true;
1163;38.7667;132.5;0.0111923;359.281;15.3899;-63.435;0.201402;0.0739841;true;0;0;0;0;0;0;true;
1164;38.8;132.5;0.0111923;359.281;15.3899;-63.435;0.201402;0.0739841;true;0;0;0;0;0;0;true;
1165;38.8333;132.5;0.0111923;359.281;15.3899;-63.435;0.201402;0.0739841;true;0;0;0;0;0;0;true;
1166;38.8667;140.5;0.011868;347.54;14.1708;-12.5288;0.0717752;0.224298;true;11.8039;0.108487;0.00067576;-0.129626;0.150313;50.9061;false;
1167;38.9;140.5;0.011868;347.54;14.1708;-12.5288;0.0717752;0.224298;true;0;0;0;0;0;0;true;
1168;38.9333;140.5;0.011868;347.54;14.1708;-12.5288;0.0717752;0.224298;true;0;0;0;0;0;0;true;
1169;38.9667;140.5;0.011868;347.54;14.1708;-12.5288;0.0717752;0.224298;true;0;0;0;0;0;0;true;
1170;39;142;0.0119947;335.954;12.2594;-6.34019;0.0872856;0.228364;true;11.7421;0.107919;0.000126705;0.0155104;0.00406616;6.18862;false;
1171;39.0333;142;0.0119947;335.954;12.2594;-6.34019;0.0872856;0.228364;true;0;0;0;0;0;0;true;
1172;39.0667;142;0.0119947;335.954;12.2594;-6.34019;0.0872856;0.228364;true;0;0;0;0;0;0;true;
1173;39.1;142;0.0119947;335.954;12.2594;-6.34019;0.0872856;0.228364;true;0;0;0;0;0;0;true;
1174;39.1333;142;0.0119947;335.954;12.2594;-6.34019;0.0872856;0.228364;true;0;0;0;0;0;0;true;
1175;39.1667;134.5;0.0113612;323.979;12.9108;-6.34019;0.0700315;0.220244;true;11.993;0.110225;-0.000633525;-0.0172542;-0.0081196;0;false;
1176;39.2;134.5;0.0113612;323.979;12.9108;-6.34019;0.0700315;0.220244;true;0;0;0;0;0;0;true;
1177;39.2333;134.5;0.0113612;323.979;12.9108;-6.34019;0.0700315;0.220244;true;0;0;0;0;0;0;true;
1178;39.2667;134.5;0.0113612;323.979;12.9108;-6.34019;0.0700315;0.220244;true;0;0;0;0;0;0;true;
1179;39.3;166;0.014022;309.912;12.3655;0;0.0827168;0.229769;true;14.0779;0.129387;0.0026608;0.0126853;0.00952493;6.34019;false;
1180;39.3333;166;0.014022;309.912;12.3655;0;0.0827168;0.229769;true;0;0;0;0;0;0;true;
1181;39.3667;166;0.014022;309.912;12.3655;0;0.0827168;0.229769;true;0;0;0;0;0;0;true;
1182;39.4;150.5;0.0127127;294.667;12.0587;0;0.073526;0.229769;true;15.2481;0.140142;-0.00130928;-0.00919075;0;0;false;
1183;39.4333;150.5;0.0127127;294.667;12.0587;0;0.073526;0.229769;true;0;0;0;0;0;0;true;
1184;39.4667;150.5;0.0127127;294.667;12.0587;0;0.073526;0.229769;true;0;0;0;0;0;0;true;
1185;39.5;150.5;0.0127127;294.667;12.0587;0;0.073526;0.229769;true;0;0;0;0;0;0;true;
1186;39.5333;161;0.0135997;279.06;12.7298;-8.1301;0.0818855;0.230059;true;15.6211;0.14357;0.000886935;0.00835941;0.000290244;-8.1301;false;
1187;39.5667;161;0.0135997;279.06;12.7298;-8.1301;0.0818855;0.230059;true;0;0;0;0;0;0;true;
1188;39.6;161;0.0135997;279.06;12.7298;-8.1301;0.0818855;0.230059;true;0;0;0;0;0;0;true;
1189;39.6333;161;0.0135997;279.06;12.7298;-8.1301;0.0818855;0.230059;true;0;0;0;0;0;0;true;
1190;39.6667;161;0.0135997;279.06;12.7298;-8.1301;0.0818855;0.230059;true;0;0;0;0;0;0;true;
1191;39.7;154;0.0130084;267.092;12.6212;-7.12502;0.0763782;0.232555;true;11.9685;0.11;-0.00059129;-0.00550727;0.00249532;1.00509;false;
1192;39.7333;154;0.0130084;267.092;12.6212;-7.12502;0.0763782;0.232555;true;0;0;0;0;0;0;true;
1193;39.7667;154;0.0130084;267.092;12.6212;-7.12502;0.0763782;0.232555;true;0;0;0;0;0;0;true;
1194;39.8;154;0.0130084;267.092;12.6212;-7.12502;0.0763782;0.232555;true;0;0;0;0;0;0;true;
1195;39.8333;154;0.0130084;267.092;12.6212;-7.12502;0.0763782;0.232555;true;0;0;0;0;0;0;true;
1196;39.8667;143.5;0.0121214;252.82;13.6527;-15.9454;0.084584;0.210829;true;14.3092;0.131512;-0.000886935;0.00820577;-0.0217257;-8.82038;false;
1197;39.9;143.5;0.0121214;252.82;13.6527;-15.9454;0.084584;0.210829;true;0;0;0;0;0;0;true;
1198;39.9333;143.5;0.0121214;252.82;13.6527;-15.9454;0.084584;0.210829;true;0;0;0;0;0;0;true;
1199;39.9667;143.5;0.0121214;252.82;13.6527;-15.9454;0.084584;0.210829;true;0;0;0;0;0;0;true;
1200;40;147;0.0124171;241.685;14.2778;-13.2405;0.0736766;0.263657;true;11.1527;0.102502;0.000295645;-0.0109074;0.0528281;2.70487;false;
1201;40.0333;147;0.0124171;241.685;14.2778;-13.2405;0.0736766;0.263657;true;0;0;0;0;0;0;true;
1202;40.0667;147;0.0124171;241.685;14.2778;-13.2405;0.0736766;0.263657;true;0;0;0;0;0;0;true;
1203;40.1;147;0.0124171;241.685;14.2778;-13.2405;0.0736766;0.263657;true;0;0;0;0;0;0;true;
1204;40.1333;147;0.0124171;241.685;14.2778;-13.2405;0.0736766;0.263657;true;0;0;0;0;0;0;true;
1205;40.1667;105;0.00886935;225.543;13.181;-11.3099;0.0702958;0.218098;true;16.1792;0.148699;-0.00354774;-0.00338079;-0.0455597;1.93059;false;
1206;40.2;105;0.00886935;225.543;13.181;-11.3099;0.0702958;0.218098;true;0;0;0;0;0;0;true;
1207;40.2333;105;0.00886935;225.543;13.181;-11.3099;0.0702958;0.218098;true;0;0;0;0;0;0;true;
1208;40.2667;115;0.00971405;212.874;14.1565;0;0.073526;0.202197;true;12.7065;0.116782;0.0008447;0.00323028;-0.0159005;11.3099;false;
1209;40.3;115;0.00971405;212.874;14.1565;0;0.073526;0.202197;true;0;0;0;0;0;0;true;
1210;40.3333;115;0.00971405;212.874;14.1565;0;0.073526;0.202197;true;0;0;0;0;0;0;true;
1211;40.3667;115;0.00971405;212.874;14.1565;0;0.073526;0.202197;true;0;0;0;0;0;0;true;
1212;40.4;140;0.0118258;197.095;13.6833;0;0.073526;0.211387;true;15.7858;0.145083;0.00211175;0;0.00919075;0;false;
1213;40.4333;140;0.0118258;197.095;13.6833;0;0.073526;0.211387;true;0;0;0;0;0;0;true;
1214;40.4667;140;0.0118258;197.095;13.6833;0;0.073526;0.211387;true;0;0;0;0;0;0;true;
1215;40.5;140;0.0118258;197.095;13.6833;0;0.073526;0.211387;true;0;0;0;0;0;0;true;
1216;40.5333;151.5;0.0127972;182.991;14.2222;-11.3099;0.0829129;0.2199;true;14.1143;0.129721;0.000971405;0.00938688;0.00851218;-11.3099;false;
1217;40.5667;151.5;0.0127972;182.991;14.2222;-11.3099;0.0829129;0.2199;true;0;0;0;0;0;0;true;
1218;40.6;154.5;0.0130506;170.714;15.2179;0;0.0827168;0.229769;true;12.3174;0.113206;0.00025341;-0.000196152;0.00986931;11.3099;false;
1219;40.6333;154.5;0.0130506;170.714;15.2179;0;0.0827168;0.229769;true;0;0;0;0;0;0;true;
1220;40.6667;154.5;0.0130506;170.714;15.2179;0;0.0827168;0.229769;true;0;0;0;0;0;0;true;
1221;40.7;154.5;0.0130506;170.714;15.2179;0;0.0827168;0.229769;true;0;0;0;0;0;0;true;
1222;40.7333;154.5;0.0130506;170.714;15.2179;0;0.0827168;0.229769;true;0;0;0;0;0;0;true;
1223;40.7667;132.5;0.0111923;158.596;13.5748;-7.12502;0.0752382;0.214315;true;12.2288;0.112392;-0.00185834;-0.00747858;-0.015454;-7.12502;false;
1224;40.8;132.5;0.0111923;158.596;13.5748;-7.12502;0.0752382;0.214315;true;0;0;0;0;0;0;true;
1225;40.8333;132.5;0.0111923;158.596;13.5748;-7.12502;0.0752382;0.214315;true;0;0;0;0;0;0;true;
1226;40.8667;127.5;0.0107699;147.535;13.2863;-7.12502;0.0729582;0.214315;true;11.0653;0.101698;-0.00042235;-0.00227995;0;0;false;
1227;40.9;127.5;0.0107699;147.535;13.2863;-7.12502;0.0729582;0.214315;true;0;0;0;0;0;0;true;
1228;40.9333;127.5;0.0107699;147.535;13.2863;-7.12502;0.0729582;0.214315;true;0;0;0;0;0;0;true;
1229;40.9667;129;0.0108966;132.339;14.4018;-14.0362;0.0735599;0.202846;true;15.237;0.14004;0.000126705;0.000601563;-0.0114681;-6.91123;false;
1230;41;129;0.0108966;132.339;14.4018;-14.0362;0.0735599;0.202846;true;0;0;0;0;0;0;true;
1231;41.0333;129;0.0108966;132.339;14.4018;-14.0362;0.0735599;0.202846;true;0;0;0;0;0;0;true;
1232;41.0667;125.5;0.010601;119.912;14.2019;-6.34019;0.0700315;0.20502;true;12.4278;0.114221;-0.000295645;-0.00352832;0.00217298;7.69605;false;
1233;41.1;125.5;0.010601;119.912;14.2019;-6.34019;0.0700315;0.20502;true;0;0;0;0;0;0;true;
1234;41.1333;128.5;0.0108544;108.559;14.9235;0;0.073526;0.193006;true;11.3762;0.104556;0.00025341;0.00349455;-0.0120139;6.34019;false;
1235;41.1667;128.5;0.0108544;108.559;14.9235;0;0.073526;0.193006;true;0;0;0;0;0;0;true;
1236;41.2;118.5;0.0100097;97.1842;14.8017;-11.3099;0.0684933;0.187456;true;11.3754;0.104549;-0.0008447;-0.00503273;-0.0055505;-11.3099;false;
1237;41.2333;118.5;0.0100097;97.1842;14.8017;-11.3099;0.0684933;0.187456;true;0;0;0;0;0;0;true;
1238;41.2667;118.5;0.0100097;97.1842;14.8017;-11.3099;0.0684933;0.187456;true;0;0;0;0;0;0;true;
1239;41.3;118.5;0.0100097;97.1842;14.8017;-11.3099;0.0684933;0.187456;true;0;0;0;0;0;0;true;
1240;41.3333;123.5;0.010432;80.3468;14.1795;-5.71059;0.0685886;0.213082;true;16.8489;0.154854;0.00042235;9.52668e-05;0.0256265;5.59934;false;
1241;41.3667;123.5;0.010432;80.3468;14.1795;-5.71059;0.0685886;0.213082;true;0;0;0;0;0;0;true;
1242;41.4;123.5;0.010432;80.3468;14.1795;-5.71059;0.0685886;0.213082;true;0;0;0;0;0;0;true;
1243;41.4333;123.5;0.010432;80.3468;14.1795;-5.71059;0.0685886;0.213082;true;0;0;0;0;0;0;true;
1244;41.4667;132;0.01115;68.5202;14.5593;0;0.073526;0.220578;true;11.8327;0.108751;0.000717995;0.00493747;0.00749629;5.71059;false;
1245;41.5;132;0.01115;68.5202;14.5593;0;0.073526;0.220578;true;0;0;0;0;0;0;true;
1246;41.5333;132;0.01115;68.5202;14.5593;0;0.073526;0.220578;true;0;0;0;0;0;0;true;
1247;41.5667;132;0.01115;68.5202;14.5593;0;0.073526;0.220578;true;0;0;0;0;0;0;true;
1248;41.6;145;0.0122481;57.0724;14.9494;-12.5288;0.0827408;0.2233;true;11.4544;0.105275;0.00109811;0.00921474;0.0027224;-12.5288;false;
1249;41.6333;145;0.0122481;57.0724;14.9494;-12.5288;0.0827408;0.2233;true;0;0;0;0;0;0;true;
1250;41.6667;145;0.0122481;57.0724;14.9494;-12.5288;0.0827408;0.2233;true;0;0;0;0;0;0;true;
1251;41.7;145;0.0122481;57.0724;14.9494;-12.5288;0.0827408;0.2233;true;0;0;0;0;0;0;true;
1252;41.7333;145;0.0122481;57.0724;14.9494;-12.5288;0.0827408;0.2233;true;0;0;0;0;0;0;true;
1253;41.7667;145;0.0122481;57.0724;14.9494;-12.5288;0.0827408;0.2233;true;0;0;0;0;0;0;true;
1254;41.8;145;0.0122481;57.0724;14.9494;-12.5288;0.0827408;0.2233;true;0;0;0;0;0;0;true;
1255;41.8333;145;0.0122481;57.0724;14.9494;-12.5288;0.0827408;0.2233;true;0;0;0;0;0;0;true;
1256;41.8667;145;0.0122481;57.0724;14.9494;-12.5288;0.0827408;0.2233;true;0;0;0;0;0;0;true;
1257;41.9;145;0.0122481;57.0724;14.9494;-12.5288;0.0827408;0.2233;true;0;0;0;0;0;0;true;
1258;41.9333;145;0.0122481;57.0724;14.9494;-12.5288;0.0827408;0.2233;true;0;0;0;0;0;0;true;
1259;41.9667;145;0.0122481;57.0724;14.9494;-12.5288;0.0827408;0.2233;true;0;0;0;0;0;0;true;
1260;42;145;0.0122481;57.0724;14.9494;-12.5288;0.0827408;0.2233;true;0;0;0;0;0;0;true;
1261;42.0333;145;0.0122481;57.0724;14.9494;-12.5288;0.0827408;0.2233;true;0;0;0;0;0;0;true;
1262;42.0667;145;0.0122481;57.0724;14.9494;-12.5288;0.0827408;0.2233;true;0;0;0;0;0;0;true;
1263;42.1;145;0.0122481;57.0724;14.9494;-12.5288;0.0827408;0.2233;true;0;0;0;0;0;0;true;
1264;42.1333;145;0.0122481;57.0724;14.9494;-12.5288;0.0827408;0.2233;true;0;0;0;0;0;0;true;
1265;42.1667;145;0.0122481;57.0724;14.9494;-12.5288;0.0827408;0.2233;true;0;0;0;0;0;0;true;
1266;42.2;145;0.0122481;57.0724;14.9494;-12.5288;0.0827408;0.2233;true;0;0;0;0;0;0;true;
1267;42.2333;145;0.0122481;57.0724;14.9494;-12.5288;0.0827408;0.2233;true;0;0;0;0;0;0;true;
1268;42.2667;145;0.0122481;57.0724;14.9494;-12.5288;0.0827408;0.2233;true;0;0;0;0;0;0;true;
1269;42.3;145;0.0122481;57.0724;14.9494;-12.5288;0.0827408;0.2233;true;0;0;0;0;0;0;true;
1270;42.3333;145;0.0122481;57.0724;14.9494;-12.5288;0.0827408;0.2233;true;0;0;0;0;0;0;true;
1271;42.3667;145;0.0122481;57.0724;14.9494;-12.5288;0.0827408;0.2233;true;0;0;0;0;0;0;true;
1272;42.4;145;0.0122481;57.0724;14.9494;-12.5288;0.0827408;0.2233;true;0;0;0;0;0;0;true;
1273;42.4333;145;0.0122481;57.0724;14.9494;-12.5288;0.0827408;0.2233;true;0;0;0;0;0;0;true;
1274;42.4667;145;0.0122481;57.0724;14.9494;-12.5288;0.0827408;0.2233;true;0;0;0;0;0;0;true;
1275;42.5;145;0.0122481;57.0724;14.9494;-12.5288;0.0827408;0.2233;true;0;0;0;0;0;0;true;
1276;42.5333;145;0.0122481;57.0724;14.9494;-12.5288;0.0827408;0.2233;true;0;0;0;0;0;0;true;
1277;42.5667;145;0.0122481;57.0724;14.9494;-12.5288;0.0827408;0.2233;true;0;0;0;0;0;0;true;
1278;42.6;145;0.0122481;57.0724;14.9494;-12.5288;0.0827408;0.2233;true;0;0;0;0;0;0;true;
1279;42.6333;145;0.0122481;57.0724;14.9494;-12.5288;0.0827408;0.2233;true;0;0;0;0;0;0;true;
1280;42.6667;145;0.0122481;57.0724;14.9494;-12.5288;0.0827408;0.2233;true;0;0;0;0;0;0;true;
1281;42.7;145;0.0122481;57.0724;14.9494;-12.5288;0.0827408;0.2233;true;0;0;0;0;0;0;true;
1282;42.7333;145;0.0122481;57.0724;14.9494;-12.5288;0.0827408;0.2233;true;0;0;0;0;0;0;true;
1283;42.7667;145;0.0122481;57.0724;14.9494;-12.5288;0.0827408;0.2233;true;0;0;0;0;0;0;true;
1284;42.8;145;0.0122481;57.0724;14.9494;-12.5288;0.0827408;0.2233;true;0;0;0;0;0;0;true;
1285;42.8333;145;0.0122481;57.0724;14.9494;-12.5288;0.0827408;0.2233;true;0;0;0;0;0;0;true;
1286;42.8667;145;0.0122481;57.0724;14.9494;-12.5288;0.0827408;0.2233;true;0;0;0;0;0;0;true;
1287;42.9;145;0.0122481;57.0724;14.9494;-12.5288;0.0827408;0.2233;true;0;0;0;0;0;0;true;
1288;42.9333;145;0.0122481;57.0724;14.9494;-12.5288;0.0827408;0.2233;true;0;0;0;0;0;0;true;
1289;42.9667;145;0.0122481;57.0724;14.9494;-12.5288;0.0827408;0.2233;true;0;0;0;0;0;0;true;
1290;43;145;0.0122481;57.0724;14.9494;-12.5288;0.0827408;0.2233;true;0;0;0;0;0;0;true;
1291;43.0333;145;0.0122481;57.0724;14.9494;-12.5288;0.0827408;0.2233;true;0;0;0;0;0;0;true;
1292;43.0667;145;0.0122481;57.0724;14.9494;-12.5288;0.0827408;0.2233;true;0;0;0;0;0;0;true;
1293;43.1;145;0.0122481;57.0724;14.9494;-12.5288;0.0827408;0.2233;true;0;0;0;0;0;0;true;
1294;43.1333;145;0.0122481;57.0724;14.9494;-12.5288;0.0827408;0.2233;true;0;0;0;0;0;0;true;
1295;43.1667;145;0.0122481;57.0724;14.9494;-12.5288;0.0827408;0.2233;true;0;0;0;0;0;0;true;
1296;43.2;145;0.0122481;57.0724;14.9494;-12.5288;0.0827408;0.2233;true;0;0;0;0;0;0;true;
1297;43.2333;145;0.0122481;57.0724;14.9494;-12.5288;0.0827408;0.2233;true;0;0;0;0;0;0;true;
1298;43.2667;145;0.0122481;57.0724;14.9494;-12.5288;0.0827408;0.2233;true;0;0;0;0;0;0;true;
1299;43.3;145;0.0122481;57.0724;14.9494;-12.5288;0.0827408;0.2233;true;0;0;0;0;0;0;true;
1300;43.3333;145;0.0122481;57.0724;14.9494;-12.5288;0.0827408;0.2233;true;0;0;0;0;0;0;true;
1301;43.3667;145;0.0122481;57.0724;14.9494;-12.5288;0.0827408;0.2233;true;0;0;0;0;0;0;true;
1302;43.4;145;0.0122481;57.0724;14.9494;-12.5288;0.0827408;0.2233;true;0;0;0;0;0;0;true;
1303;43.4333;145;0.0122481;57.0724;14.9494;-12.5288;0.0827408;0.2233;true;0;0;0;0;0;0;true;
1304;43.4667;145;0.0122481;57.0724;14.9494;-12.5288;0.0827408;0.2233;true;0;0;0;0;0;0;true;
1305;43.5;145;0.0122481;57.0724;14.9494;-12.5288;0.0827408;0.2233;true;0;0;0;0;0;0;true;
1306;43.5333;145;0.0122481;57.0724;14.9494;-12.5288;0.0827408;0.2233;true;0;0;0;0;0;0;true;
1307;43.5667;145;0.0122481;57.0724;14.9494;-12.5288;0.0827408;0.2233;true;0;0;0;0;0;0;true;
1308;43.6;145;0.0122481;57.0724;14.9494;-12.5288;0.0827408;0.2233;true;0;0;0;0;0;0;true;
1309;43.6333;145;0.0122481;57.0724;14.9494;-12.5288;0.0827408;0.2233;true;0;0;0;0;0;0;true;
1310;43.6667;145;0.0122481;57.0724;14.9494;-12.5288;0.0827408;0.2233;true;0;0;0;0;0;0;true;
1311;43.7;145;0.0122481;57.0724;14.9494;-12.5288;0.0827408;0.2233;true;0;0;0;0;0;0;true;
1312;43.7333;145;0.0122481;57.0724;14.9494;-12.5288;0.0827408;0.2233;true;0;0;0;0;0;0;true;
1313;43.7667;145;0.0122481;57.0724;14.9494;-12.5288;0.0827408;0.2233;true;0;0;0;0;0;0;true;
1314;43.8;145;0.0122481;57.0724;14.9494;-12.5288;0.0827408;0.2233;true;0;0;0;0;0;0;true;
1315;43.8333;145;0.0122481;57.0724;14.9494;-12.5288;0.0827408;0.2233;true;0;0;0;0;0;0;true;
1316;43.8667;145;0.0122481;57.0724;14.9494;-12.5288;0.0827408;0.2233;true;0;0;0;0;0;0;true;
1317;43.9;145;0.0122481;57.0724;14.9494;-12.5288;0.0827408;0.2233;true;0;0;0;0;0;0;true;
1318;43.9333;145;0.0122481;57.0724;14.9494;-12.5288;0.0827408;0.2233;true;0;0;0;0;0;0;true;
1319;43.9667;145;0.0122481;57.0724;14.9494;-12.5288;0.0827408;0.2233;true;0;0;0;0;0;0;true;
1320;44;145;0.0122481;57.0724;14.9494;-12.5288;0.0827408;0.2233;true;0;0;0;0;0;0;true;
1321;44.0333;145;0.0122481;57.0724;14.9494;-12.5288;0.0827408;0.2233;true;0;0;0;0;0;0;true;
1322;44.0667;145;0.0122481;57.0724;14.9494;-12.5288;0.0827408;0.2233;true;0;0;0;0;0;0;true;
1323;44.1;145;0.0122481;57.0724;14.9494;-12.5288;0.0827408;0.2233;true;0;0;0;0;0;0;true;
1324;44.1333;145;0.0122481;57.0724;14.9494;-12.5288;0.0827408;0.2233;true;0;0;0;0;0;0;true;
1325;44.1667;145;0.0122481;57.0724;14.9494;-12.5288;0.0827408;0.2233;true;0;0;0;0;0;0;true;
1326;44.2;145;0.0122481;57.0724;14.9494;-12.5288;0.0827408;0.2233;true;0;0;0;0;0;0;true;
1327;44.2333;145;0.0122481;57.0724;14.9494;-12.5288;0.0827408;0.2233;true;0;0;0;0;0;0;true;
1328;44.2667;145;0.0122481;57.0724;14.9494;-12.5288;0.0827408;0.2233;true;0;0;0;0;0;0;true;
1329;44.3;145;0.0122481;57.0724;14.9494;-12.5288;0.0827408;0.2233;true;0;0;0;0;0;0;true;
1330;44.3333;145;0.0122481;57.0724;14.9494;-12.5288;0.0827408;0.2233;true;0;0;0;0;0;0;true;
1331;44.3667;145;0.0122481;57.0724;14.9494;-12.5288;0.0827408;0.2233;true;0;0;0;0;0;0;true;
1332;44.4;145;0.0122481;57.0724;14.9494;-12.5288;0.0827408;0.2233;true;0;0;0;0;0;0;true;
1333;44.4333;145;0.0122481;57.0724;14.9494;-12.5288;0.0827408;0.2233;true;0;0;0;0;0;0;true;
1334;44.4667;145;0.0122481;57.0724;14.9494;-12.5288;0.0827408;0.2233;true;0;0;0;0;0;0;true;
1335;44.5;145;0.0122481;57.0724;14.9494;-12.5288;0.0827408;0.2233;true;0;0;0;0;0;0;true;
1336;44.5333;145;0.0122481;57.0724;14.9494;-12.5288;0.0827408;0.2233;true;0;0;0;0;0;0;true;
1337;44.5667;145;0.0122481;57.0724;14.9494;-12.5288;0.0827408;0.2233;true;0;0;0;0;0;0;true;
1338;44.6;145;0.0122481;57.0724;14.9494;-12.5288;0.0827408;0.2233;true;0;0;0;0;0;0;true;
1339;44.6333;145;0.0122481;57.0724;14.9494;-12.5288;0.0827408;0.2233;true;0;0;0;0;0;0;true;
1340;44.6667;145;0.0122481;57.0724;14.9494;-12.5288;0.0827408;0.2233;true;0;0;0;0;0;0;true;
1341;44.7;145;0.0122481;57.0724;14.9494;-12.5288;0.0827408;0.2233;true;0;0;0;0;0;0;true;
1342;44.7333;145;0.0122481;57.0724;14.9494;-12.5288;0.0827408;0.2233;true;0;0;0;0;0;0;true;
1343;44.7667;145;0.0122481;57.0724;14.9494;-12.5288;0.0827408;0.2233;true;0;0;0;0;0;0;true;
1344;44.8;145;0.0122481;57.0724;14.9494;-12.5288;0.0827408;0.2233;true;0;0;0;0;0;0;true;
1345;44.8333;145;0.0122481;57.0724;14.9494;-12.5288;0.0827408;0.2233;true;0;0;0;0;0;0;true;
1346;44.8667;145;0.0122481;57.0724;14.9494;-12.5288;0.0827408;0.2233;true;0;0;0;0;0;0;true;
1347;44.9;145;0.0122481;57.0724;14.9494;-12.5288;0.0827408;0.2233;true;0;0;0;0;0;0;true;
1348;44.9333;145;0.0122481;57.0724;14.9494;-12.5288;0.0827408;0.2233;true;0;0;0;0;0;0;true;
1349;44.9667;145;0.0122481;57.0724;14.9494;-12.5288;0.0827408;0.2233;true;0;0;0;0;0;0;true;
1350;45;145;0.0122481;57.0724;14.9494;-12.5288;0.0827408;0.2233;true;0;0;0;0;0;0;true;
1351;45.0333;145;0.0122481;57.0724;14.9494;-12.5288;0.0827408;0.2233;true;0;0;0;0;0;0;true;
1352;45.0667;145;0.0122481;57.0724;14.9494;-12.5288;0.0827408;0.2233;true;0;0;0;0;0;0;true;
1353;45.1;145;0.0122481;57.0724;14.9494;-12.5288;0.0827408;0.2233;true;0;0;0;0;0;0;true;
1354;45.1333;145;0.0122481;57.0724;14.9494;-12.5288;0.0827408;0.2233;true;0;0;0;0;0;0;true;
1355;45.1667;145;0.0122481;57.0724;14.9494;-12.5288;0.0827408;0.2233;true;0;0;0;0;0;0;true;
1356;45.2;145;0.0122481;57.0724;14.9494;-12.5288;0.0827408;0.2233;true;0;0;0;0;0;0;true;
1357;45.2333;145;0.0122481;57.0724;14.9494;-12.5288;0.0827408;0.2233;true;0;0;0;0;0;0;true;
1358;45.2667;105;0.00886935;66.4508;21.0651;0;0.073526;0.147052;true;11.1962;0.102902;-0.0033788;-0.00921474;-0.0762484;12.5288;false;
1359;45.3;105;0.00886935;66.4508;21.0651;0;0.073526;0.147052;true;0;0;0;0;0;0;true;
1360;45.3333;105;0.00886935;66.4508;21.0651;0;0.073526;0.147052;true;0;0;0;0;0;0;true;
1361;45.3667;105;0.00886935;66.4508;21.0651;0;0.073526;0.147052;true;0;0;0;0;0;0;true;
1362;45.4;105;0.00886935;66.4508;21.0651;0;0.073526;0.147052;true;0;0;0;0;0;0;true;
1363;45.4333;105;0.00886935;66.4508;21.0651;0;0.073526;0.147052;true;0;0;0;0;0;0;true;
1364;45.4667;105;0.00886935;66.4508;21.0651;0;0.073526;0.147052;true;0;0;0;0;0;0;true;
1365;45.5;105;0.00886935;66.4508;21.0651;0;0.073526;0.147052;true;0;0;0;0;0;0;true;
1366;45.5333;105;0.00886935;66.4508;21.0651;0;0.073526;0.147052;true;0;0;0;0;0;0;true;
1367;45.5667;105;0.00886935;66.4508;21.0651;0;0.073526;0.147052;true;0;0;0;0;0;0;true;
1368;45.6;105;0.00886935;66.4508;21.0651;0;0.073526;0.147052;true;0;0;0;0;0;0;true;
1369;45.6333;105;0.00886935;66.4508;21.0651;0;0.073526;0.147052;true;0;0;0;0;0;0;true;
1370;45.6667;105;0.00886935;66.4508;21.0651;0;0.073526;0.147052;true;0;0;0;0;0;0;true;
1371;45.7;105;0.00886935;66.4508;21.0651;0;0.073526;0.147052;true;0;0;0;0;0;0;true;
1372;45.7333;105;0.00886935;66.4508;21.0651;0;0.073526;0.147052;true;0;0;0;0;0;0;true;
1373;45.7667;105;0.00886935;66.4508;21.0651;0;0.073526;0.147052;true;0;0;0;0;0;0;true;
1374;45.8;105;0.00886935;66.4508;21.0651;0;0.073526;0.147052;true;0;0;0;0;0;0;true;
1375;45.8333;105;0.00886935;66.4508;21.0651;0;0.073526;0.147052;true;0;0;0;0;0;0;true;
1376;45.8667;105;0.00886935;66.4508;21.0651;0;0.073526;0.147052;true;0;0;0;0;0;0;true;
1377;45.9;105;0.00886935;66.4508;21.0651;0;0.073526;0.147052;true;0;0;0;0;0;0;true;
1378;45.9333;105;0.00886935;66.4508;21.0651;0;0.073526;0.147052;true;0;0;0;0;0;0;true;
1379;45.9667;119.5;0.0100942;76.4616;14.0084;-84.8056;0.19471;0.0715599;true;12.248;0.112568;0.00122481;0.121184;-0.0754922;-84.8056;false;
1380;46;119.5;0.0100942;76.4616;14.0084;-84.8056;0.19471;0.0715599;true;0;0;0;0;0;0;true;
1381;46.0333;119.5;0.0100942;76.4616;14.0084;-84.8056;0.19471;0.0715599;true;0;0;0;0;0;0;true;
1382;46.0667;119.5;0.0100942;76.4616;14.0084;-84.8056;0.19471;0.0715599;true;0;0;0;0;0;0;true;
1383;46.1;119.5;0.0100942;76.4616;14.0084;-84.8056;0.19471;0.0715599;true;0;0;0;0;0;0;true;
1384;46.1333;128;0.0108122;90.8464;13.9401;-82.875;0.213175;0.0718183;true;14.3849;0.132208;0.000717995;0.0184654;0.000258392;1.93059;false;
1385;46.1667;128;0.0108122;123.824;59.2318;0;0.073526;0.211387;true;56.0257;0.514918;0;-0.139649;0.139569;82.875;false;
1386;46.2;128;0.0108122;123.824;59.2318;0;0.073526;0.211387;true;0;0;0;0;0;0;true;
1387;46.2333;129;0.0108966;97.801;13.9134;-81.8699;0.213162;0.0701875;true;52.2586;0.480296;8.447e-05;0.139636;-0.141199;-81.8699;false;
1388;46.2667;130.5;0.0110233;122.663;58.9527;-78.6901;0.214492;0.079308;true;51.4456;0.472824;0.000126705;0.00133003;0.00912051;3.17982;false;
1389;46.3;130.5;0.0110233;122.663;58.9527;-78.6901;0.214492;0.079308;true;0;0;0;0;0;0;true;
1390;46.3333;130;0.0109811;103.091;14.3667;-84.8056;0.227993;0.0698957;true;48.6927;0.447523;-4.2235e-05;0.0135009;-0.00941234;-6.1155;false;
1391;46.3667;130;0.0109811;103.091;14.3667;-84.8056;0.227993;0.0698957;true;0;0;0;0;0;0;true;
1392;46.4;130;0.0109811;103.091;14.3667;-84.8056;0.227993;0.0698957;true;0;0;0;0;0;0;true;
1393;46.4333;130;0.0109811;103.091;14.3667;-84.8056;0.227993;0.0698957;true;0;0;0;0;0;0;true;
1394;46.4667;130;0.0109811;103.091;14.3667;-84.8056;0.227993;0.0698957;true;0;0;0;0;0;0;true;
1395;46.5;137;0.0115724;118.308;15.3187;-81.2538;0.219411;0.0761649;true;15.2465;0.140127;0.00059129;-0.00858246;0.00626915;3.55173;false;
1396;46.5333;137;0.0115724;118.308;15.3187;-81.2538;0.219411;0.0761649;true;0;0;0;0;0;0;true;
1397;46.5667;137;0.0115724;118.308;15.3187;-81.2538;0.219411;0.0761649;true;0;0;0;0;0;0;true;
1398;46.6;137;0.0115724;118.308;15.3187;-81.2538;0.219411;0.0761649;true;0;0;0;0;0;0;true;
1399;46.6333;137;0.0115724;118.308;15.3187;-81.2538;0.219411;0.0761649;true;0;0;0;0;0;0;true;
1400;46.6667;142;0.0119947;130.674;17.5458;-78.6901;0.225307;0.0775055;true;12.5649;0.115481;0.00042235;0.00589623;0.00134072;2.56377;false;
1401;46.7;142;0.0119947;130.674;17.5458;-78.6901;0.225307;0.0775055;true;0;0;0;0;0;0;true;
1402;46.7333;142;0.0119947;130.674;17.5458;-78.6901;0.225307;0.0775055;true;0;0;0;0;0;0;true;
1403;46.7667;142;0.0119947;130.674;17.5458;-78.6901;0.225307;0.0775055;true;0;0;0;0;0;0;true;
1404;46.8;142;0.0119947;130.674;17.5458;-78.6901;0.225307;0.0775055;true;0;0;0;0;0;0;true;
1405;46.8333;142;0.0119947;130.674;17.5458;-78.6901;0.225307;0.0775055;true;0;0;0;0;0;0;true;
1406;46.8667;142;0.0119947;130.674;17.5458;-78.6901;0.225307;0.0775055;true;0;0;0;0;0;0;true;
1407;46.9;142;0.0119947;130.674;17.5458;-78.6901;0.225307;0.0775055;true;0;0;0;0;0;0;true;
1408;46.9333;142;0.0119947;130.674;17.5458;-78.6901;0.225307;0.0775055;true;0;0;0;0;0;0;true;
1409;46.9667;142;0.0119947;130.674;17.5458;-78.6901;0.225307;0.0775055;true;0;0;0;0;0;0;true;
1410;47;142;0.0119947;130.674;17.5458;-78.6901;0.225307;0.0775055;true;0;0;0;0;0;0;true;
1411;47.0333;142;0.0119947;130.674;17.5458;-78.6901;0.225307;0.0775055;true;0;0;0;0;0;0;true;
1412;47.0667;142;0.0119947;130.674;17.5458;-78.6901;0.225307;0.0775055;true;0;0;0;0;0;0;true;
1413;47.1;142;0.0119947;130.674;17.5458;-78.6901;0.225307;0.0775055;true;0;0;0;0;0;0;true;
1414;47.1333;142;0.0119947;130.674;17.5458;-78.6901;0.225307;0.0775055;true;0;0;0;0;0;0;true;
1415;47.1667;142;0.0119947;130.674;17.5458;-78.6901;0.225307;0.0775055;true;0;0;0;0;0;0;true;
1416;47.2;135;0.0114034;142.686;17.4543;-75.0686;0.224971;0.0775557;true;12.0131;0.110409;-0.00059129;-0.000336067;5.0162e-05;3.62149;false;
1417;47.2333;135;0.0114034;142.686;17.4543;-75.0686;0.224971;0.0775557;true;0;0;0;0;0;0;true;
1418;47.2667;135;0.0114034;142.686;17.4543;-75.0686;0.224971;0.0775557;true;0;0;0;0;0;0;true;
1419;47.3;135;0.0114034;142.686;17.4543;-75.0686;0.224971;0.0775557;true;0;0;0;0;0;0;true;
1420;47.3333;135;0.0114034;142.686;17.4543;-75.0686;0.224971;0.0775557;true;0;0;0;0;0;0;true;
1421;47.3667;135;0.0114034;142.686;17.4543;-75.0686;0.224971;0.0775557;true;0;0;0;0;0;0;true;
1422;47.4;135;0.0114034;142.686;17.4543;-75.0686;0.224971;0.0775557;true;0;0;0;0;0;0;true;
1423;47.4333;135;0.0114034;142.686;17.4543;-75.0686;0.224971;0.0775557;true;0;0;0;0;0;0;true;
1424;47.4667;135;0.0114034;142.686;17.4543;-75.0686;0.224971;0.0775557;true;0;0;0;0;0;0;true;
1425;47.5;135;0.0114034;142.686;17.4543;-75.0686;0.224971;0.0775557;true;0;0;0;0;0;0;true;
1426;47.5333;135;0.0114034;142.686;17.4543;-75.0686;0.224971;0.0775557;true;0;0;0;0;0;0;true;
1427;47.5667;135;0.0114034;142.686;17.4543;-75.0686;0.224971;0.0775557;true;0;0;0;0;0;0;true;
1428;47.6;135;0.0114034;142.686;17.4543;-75.0686;0.224971;0.0775557;true;0;0;0;0;0;0;true;
1429;47.6333;135;0.0114034;142.686;17.4543;-75.0686;0.224971;0.0775557;true;0;0;0;0;0;0;true;
1430;47.6667;135;0.0114034;142.686;17.4543;-75.0686;0.224971;0.0775557;true;0;0;0;0;0;0;true;
1431;47.7;135;0.0114034;142.686;17.4543;-75.0686;0.224971;0.0775557;true;0;0;0;0;0;0;true;
1432;47.7333;135;0.0114034;142.686;17.4543;-75.0686;0.224971;0.0775557;true;0;0;0;0;0;0;true;
1433;47.7667;128.5;0.0108544;115.724;61.2179;-75.9638;0.207305;0.0802471;true;51.4027;0.47243;-0.000549055;-0.0176659;0.00269133;-0.89518;false;
1434;47.8;128.5;0.0108544;115.724;61.2179;-75.9638;0.207305;0.0802471;true;0;0;0;0;0;0;true;
1435;47.8333;126;0.0106432;146.03;17.5172;-71.565;0.217978;0.0726593;true;53.1813;0.488776;-0.000211175;0.0106729;-0.00758779;4.39871;false;
1436;47.8667;126;0.0106432;146.03;17.5172;-71.565;0.217978;0.0726593;true;0;0;0;0;0;0;true;
1437;47.9;126;0.0106432;146.03;17.5172;-71.565;0.217978;0.0726593;true;0;0;0;0;0;0;true;
1438;47.9333;126;0.0106432;146.03;17.5172;-71.565;0.217978;0.0726593;true;0;0;0;0;0;0;true;
1439;47.9667;133.5;0.0112767;114.277;61.7915;-71.565;0.19182;0.0871911;true;54.4838;0.500747;0.000633525;-0.0261573;0.0145319;0;false;
1440;48;125;0.0105587;145.964;17.372;-71.565;0.22379;0.069753;true;54.5633;0.501478;-0.000717995;0.03197;-0.0174383;0;false;
1441;48.0333;125;0.0105587;145.964;17.372;-71.565;0.22379;0.069753;true;0;0;0;0;0;0;true;
1442;48.0667;125;0.0105587;145.964;17.372;-71.565;0.22379;0.069753;true;0;0;0;0;0;0;true;
1443;48.1;125;0.0105587;145.964;17.372;-71.565;0.22379;0.069753;true;0;0;0;0;0;0;true;
1444;48.1333;125;0.0105587;145.964;17.372;-71.565;0.22379;0.069753;true;0;0;0;0;0;0;true;
1445;48.1667;125;0.0105587;145.964;17.372;-71.565;0.22379;0.069753;true;0;0;0;0;0;0;true;
1446;48.2;125;0.0105587;145.964;17.372;-71.565;0.22379;0.069753;true;0;0;0;0;0;0;true;
1447;48.2333;125;0.0105587;145.964;17.372;-71.565;0.22379;0.069753;true;0;0;0;0;0;0;true;
1448;48.2667;125;0.0105587;145.964;17.372;-71.565;0.22379;0.069753;true;0;0;0;0;0;0;true;
1449;48.3;125;0.0105587;145.964;17.372;-71.565;0.22379;0.069753;true;0;0;0;0;0;0;true;
1450;48.3333;125;0.0105587;145.964;17.372;-71.565;0.22379;0.069753;true;0;0;0;0;0;0;true;
1451;48.3667;125;0.0105587;145.964;17.372;-71.565;0.22379;0.069753;true;0;0;0;0;0;0;true;
1452;48.4;125;0.0105587;145.964;17.372;-71.565;0.22379;0.069753;true;0;0;0;0;0;0;true;
1453;48.4333;125;0.0105587;145.964;17.372;-71.565;0.22379;0.069753;true;0;0;0;0;0;0;true;
1454;48.4667;114.5;0.00967181;110.365;61.4629;-78.6901;0.185653;0.0757031;true;56.6681;0.520823;-0.000886935;-0.0381377;0.00595021;-7.12502;false;
1455;48.5;110.5;0.00933393;145.066;17;-68.9625;0.220392;0.0673055;true;56.4013;0.51837;-0.00033788;0.0347396;-0.00839765;9.72758;false;
1456;48.5333;110.5;0.00933393;145.066;17;-68.9625;0.220392;0.0673055;true;0;0;0;0;0;0;true;
1457;48.5667;110.5;0.00933393;145.066;17;-68.9625;0.220392;0.0673055;true;0;0;0;0;0;0;true;
1458;48.6;110.5;0.00933393;145.066;17;-68.9625;0.220392;0.0673055;true;0;0;0;0;0;0;true;
1459;48.6333;110.5;0.00933393;145.066;17;-68.9625;0.220392;0.0673055;true;0;0;0;0;0;0;true;
1460;48.6667;110.5;0.00933393;145.066;17;-68.9625;0.220392;0.0673055;true;0;0;0;0;0;0;true;
1461;48.7;110.5;0.00933393;145.066;17;-68.9625;0.220392;0.0673055;true;0;0;0;0;0;0;true;
1462;48.7333;110.5;0.00933393;145.066;17;-68.9625;0.220392;0.0673055;true;0;0;0;0;0;0;true;
1463;48.7667;110.5;0.00933393;145.066;17;-68.9625;0.220392;0.0673055;true;0;0;0;0;0;0;true;
1464;48.8;110.5;0.00933393;145.066;17;-68.9625;0.220392;0.0673055;true;0;0;0;0;0;0;true;
1465;48.8333;110.5;0.00933393;145.066;17;-68.9625;0.220392;0.0673055;true;0;0;0;0;0;0;true;
1466;48.8667;110.5;0.00933393;145.066;17;-68.9625;0.220392;0.0673055;true;0;0;0;0;0;0;true;
1467;48.9;110.5;0.00933393;145.066;17;-68.9625;0.220392;0.0673055;true;0;0;0;0;0;0;true;
1468;48.9333;110.5;0.00933393;145.066;17;-68.9625;0.220392;0.0673055;true;0;0;0;0;0;0;true;
1469;48.9667;110.5;0.00933393;145.066;17;-68.9625;0.220392;0.0673055;true;0;0;0;0;0;0;true;
1470;49;110.5;0.00933393;145.066;17;-68.9625;0.220392;0.0673055;true;0;0;0;0;0;0;true;
1471;49.0333;110.5;0.00933393;145.066;17;-68.9625;0.220392;0.0673055;true;0;0;0;0;0;0;true;
1472;49.0667;110.5;0.00933393;145.066;17;-68.9625;0.220392;0.0673055;true;0;0;0;0;0;0;true;
1473;49.1;117.5;0.00992522;97.9518;59.1688;-59.0362;0.0803863;0.201754;true;63.2297;0.581129;0.00059129;-0.140006;0.134448;9.92625;false;
1474;49.1333;117.5;0.00992522;97.9518;59.1688;-59.0362;0.0803863;0.201754;true;0;0;0;0;0;0;true;
1475;49.1667;117.5;0.00992522;97.9518;59.1688;-59.0362;0.0803863;0.201754;true;0;0;0;0;0;0;true;
1476;49.2;117.5;0.00992522;97.9518;59.1688;-59.0362;0.0803863;0.201754;true;0;0;0;0;0;0;true;
1477;49.2333;117.5;0.00992522;97.9518;59.1688;-59.0362;0.0803863;0.201754;true;0;0;0;0;0;0;true;
1478;49.2667;117.5;0.00992522;97.9518;59.1688;-59.0362;0.0803863;0.201754;true;0;0;0;0;0;0;true;
1479;49.3;117.5;0.00992522;97.9518;59.1688;-59.0362;0.0803863;0.201754;true;0;0;0;0;0;0;true;
1480;49.3333;117.5;0.00992522;145.652;17.1064;-70.0169;0.217506;0.068314;true;63.5972;0.584506;0;0.13712;-0.13344;-10.9807;false;
1481;49.3667;127.5;0.0107699;109.45;60.3176;-21.8014;0.075094;0.215042;true;56.3725;0.518106;0.0008447;-0.142412;0.146728;48.2155;false;
1482;49.4;127.5;0.0107699;109.45;60.3176;-21.8014;0.075094;0.215042;true;0;0;0;0;0;0;true;
1483;49.4333;127.5;0.0107699;109.45;60.3176;-21.8014;0.075094;0.215042;true;0;0;0;0;0;0;true;
1484;49.4667;120;0.0101364;145.811;17.0639;-70.0169;0.217506;0.0675289;true;56.507;0.519342;-0.000633525;0.142412;-0.147513;-48.2155;false;
1485;49.5;120;0.0101364;145.811;17.0639;-70.0169;0.217506;0.0675289;true;0;0;0;0;0;0;true;
1486;49.5333;120;0.0101364;145.811;17.0639;-70.0169;0.217506;0.0675289;true;0;0;0;0;0;0;true;
1487;49.5667;120;0.0101364;145.811;17.0639;-70.0169;0.217506;0.0675289;true;0;0;0;0;0;0;true;
1488;49.6;120;0.0101364;145.811;17.0639;-70.0169;0.217506;0.0675289;true;0;0;0;0;0;0;true;
1489;49.6333;120;0.0101364;145.811;17.0639;-70.0169;0.217506;0.0675289;true;0;0;0;0;0;0;true;
1490;49.6667;120;0.0101364;145.811;17.0639;-70.0169;0.217506;0.0675289;true;0;0;0;0;0;0;true;
1491;49.7;120;0.0101364;145.811;17.0639;-70.0169;0.217506;0.0675289;true;0;0;0;0;0;0;true;
1492;49.7333;120;0.0101364;145.811;17.0639;-70.0169;0.217506;0.0675289;true;0;0;0;0;0;0;true;
1493;49.7667;120;0.0101364;145.811;17.0639;-70.0169;0.217506;0.0675289;true;0;0;0;0;0;0;true;
1494;49.8;120;0.0101364;145.811;17.0639;-70.0169;0.217506;0.0675289;true;0;0;0;0;0;0;true;
1495;49.8333;120;0.0101364;145.811;17.0639;-70.0169;0.217506;0.0675289;true;0;0;0;0;0;0;true;
1496;49.8667;120;0.0101364;145.811;17.0639;-70.0169;0.217506;0.0675289;true;0;0;0;0;0;0;true;
1497;49.9;120;0.0101364;145.811;17.0639;-70.0169;0.217506;0.0675289;true;0;0;0;0;0;0;true;
1498;49.9333;120;0.0101364;145.811;17.0639;-70.0169;0.217506;0.0675289;true;0;0;0;0;0;0;true;
1499;49.9667;120;0.0101364;145.811;17.0639;-70.0169;0.217506;0.0675289;true;0;0;0;0;0;0;true;
1500;50;120;0.0101364;145.811;17.0639;-70.0169;0.217506;0.0675289;true;0;0;0;0;0;0;true;
1501;50.0333;120;0.0101364;145.811;17.0639;-70.0169;0.217506;0.0675289;true;0;0;0;0;0;0;true;
1502;50.0667;120;0.0101364;145.811;17.0639;-70.0169;0.217506;0.0675289;true;0;0;0;0;0;0;true;
1503;50.1;120;0.0101364;145.811;17.0639;-70.0169;0.217506;0.0675289;true;0;0;0;0;0;0;true;
1504;50.1333;120;0.0101364;145.811;17.0639;-70.0169;0.217506;0.0675289;true;0;0;0;0;0;0;true;
1505;50.1667;120;0.0101364;145.811;17.0639;-70.0169;0.217506;0.0675289;true;0;0;0;0;0;0;true;
1506;50.2;120;0.0101364;145.811;17.0639;-70.0169;0.217506;0.0675289;true;0;0;0;0;0;0;true;
1507;50.2333;120;0.0101364;145.811;17.0639;-70.0169;0.217506;0.0675289;true;0;0;0;0;0;0;true;
1508;50.2667;120;0.0101364;145.811;17.0639;-70.0169;0.217506;0.0675289;true;0;0;0;0;0;0;true;
1509;50.3;120;0.0101364;145.811;17.0639;-70.0169;0.217506;0.0675289;true;0;0;0;0;0;0;true;
1510;50.3333;120;0.0101364;145.811;17.0639;-70.0169;0.217506;0.0675289;true;0;0;0;0;0;0;true;
1511;50.3667;120;0.0101364;145.811;17.0639;-70.0169;0.217506;0.0675289;true;0;0;0;0;0;0;true;
1512;50.4;120;0.0101364;145.811;17.0639;-70.0169;0.217506;0.0675289;true;0;0;0;0;0;0;true;
1513;50.4333;120;0.0101364;145.811;17.0639;-70.0169;0.217506;0.0675289;true;0;0;0;0;0;0;true;
1514;50.4667;120;0.0101364;145.811;17.0639;-70.0169;0.217506;0.0675289;true;0;0;0;0;0;0;true;
1515;50.5;120;0.0101364;145.811;17.0639;-70.0169;0.217506;0.0675289;true;0;0;0;0;0;0;true;
1516;50.5333;120;0.0101364;145.811;17.0639;-70.0169;0.217506;0.0675289;true;0;0;0;0;0;0;true;
1517;50.5667;120;0.0101364;145.811;17.0639;-70.0169;0.217506;0.0675289;true;0;0;0;0;0;0;true;
1518;50.6;120;0.0101364;145.811;17.0639;-70.0169;0.217506;0.0675289;true;0;0;0;0;0;0;true;
1519;50.6333;120;0.0101364;145.811;17.0639;-70.0169;0.217506;0.0675289;true;0;0;0;0;0;0;true;
1520;50.6667;120;0.0101364;145.811;17.0639;-70.0169;0.217506;0.0675289;true;0;0;0;0;0;0;true;
1521;50.7;120;0.0101364;145.811;17.0639;-70.0169;0.217506;0.0675289;true;0;0;0;0;0;0;true;
1522;50.7333;120;0.0101364;145.811;17.0639;-70.0169;0.217506;0.0675289;true;0;0;0;0;0;0;true;
1523;50.7667;120;0.0101364;145.811;17.0639;-70.0169;0.217506;0.0675289;true;0;0;0;0;0;0;true;
1524;50.8;120;0.0101364;145.811;17.0639;-70.0169;0.217506;0.0675289;true;0;0;0;0;0;0;true;
1525;50.8333;120;0.0101364;145.811;17.0639;-70.0169;0.217506;0.0675289;true;0;0;0;0;0;0;true;
1526;50.8667;120;0.0101364;145.811;17.0639;-70.0169;0.217506;0.0675289;true;0;0;0;0;0;0;true;
1527;50.9;120;0.0101364;145.811;17.0639;-70.0169;0.217506;0.0675289;true;0;0;0;0;0;0;true;
1528;50.9333;120;0.0101364;145.811;17.0639;-70.0169;0.217506;0.0675289;true;0;0;0;0;0;0;true;
1529;50.9667;120;0.0101364;145.811;17.0639;-70.0169;0.217506;0.0675289;true;0;0;0;0;0;0;true;
1530;51;120;0.0101364;145.811;17.0639;-70.0169;0.217506;0.0675289;true;0;0;0;0;0;0;true;
1531;51.0333;120;0.0101364;145.811;17.0639;-70.0169;0.217506;0.0675289;true;0;0;0;0;0;0;true;
1532;51.0667;120;0.0101364;145.811;17.0639;-70.0169;0.217506;0.0675289;true;0;0;0;0;0;0;true;
1533;51.1;120;0.0101364;145.811;17.0639;-70.0169;0.217506;0.0675289;true;0;0;0;0;0;0;true;
1534;51.1333;120;0.0101364;145.811;17.0639;-70.0169;0.217506;0.0675289;true;0;0;0;0;0;0;true;
1535;51.1667;120;0.0101364;145.811;17.0639;-70.0169;0.217506;0.0675289;true;0;0;0;0;0;0;true;
1536;51.2;120;0.0101364;145.811;17.0639;-70.0169;0.217506;0.0675289;true;0;0;0;0;0;0;true;
1537;51.2333;120;0.0101364;145.811;17.0639;-70.0169;0.217506;0.0675289;true;0;0;0;0;0;0;true;
1538;51.2667;120;0.0101364;145.811;17.0639;-70.0169;0.217506;0.0675289;true;0;0;0;0;0;0;true;
1539;51.3;120;0.0101364;145.811;17.0639;-70.0169;0.217506;0.0675289;true;0;0;0;0;0;0;true;
1540;51.3333;120;0.0101364;145.811;17.0639;-70.0169;0.217506;0.0675289;true;0;0;0;0;0;0;true;
1541;51.3667;120;0.0101364;145.811;17.0639;-70.0169;0.217506;0.0675289;true;0;0;0;0;0;0;true;
1542;51.4;120;0.0101364;145.811;17.0639;-70.0169;0.217506;0.0675289;true;0;0;0;0;0;0;true;
1543;51.4333;120;0.0101364;145.811;17.0639;-70.0169;0.217506;0.0675289;true;0;0;0;0;0;0;true;
1544;51.4667;120;0.0101364;145.811;17.0639;-70.0169;0.217506;0.0675289;true;0;0;0;0;0;0;true;
1545;51.5;120;0.0101364;145.811;17.0639;-70.0169;0.217506;0.0675289;true;0;0;0;0;0;0;true;
1546;51.5333;120;0.0101364;145.811;17.0639;-70.0169;0.217506;0.0675289;true;0;0;0;0;0;0;true;
1547;51.5667;120;0.0101364;145.811;17.0639;-70.0169;0.217506;0.0675289;true;0;0;0;0;0;0;true;
1548;51.6;120;0.0101364;145.811;17.0639;-70.0169;0.217506;0.0675289;true;0;0;0;0;0;0;true;
1549;51.6333;120;0.0101364;145.811;17.0639;-70.0169;0.217506;0.0675289;true;0;0;0;0;0;0;true;
1550;51.6667;120;0.0101364;145.811;17.0639;-70.0169;0.217506;0.0675289;true;0;0;0;0;0;0;true;
1551;51.7;120;0.0101364;145.811;17.0639;-70.0169;0.217506;0.0675289;true;0;0;0;0;0;0;true;
1552;51.7333;120;0.0101364;145.811;17.0639;-70.0169;0.217506;0.0675289;true;0;0;0;0;0;0;true;
1553;51.7667;120;0.0101364;145.811;17.0639;-70.0169;0.217506;0.0675289;true;0;0;0;0;0;0;true;
1554;51.8;120;0.0101364;145.811;17.0639;-70.0169;0.217506;0.0675289;true;0;0;0;0;0;0;true;
1555;51.8333;120;0.0101364;145.811;17.0639;-70.0169;0.217506;0.0675289;true;0;0;0;0;0;0;true;
1556;51.8667;120;0.0101364;145.811;17.0639;-70.0169;0.217506;0.0675289;true;0;0;0;0;0;0;true;
1557;51.9;120;0.0101364;145.811;17.0639;-70.0169;0.217506;0.0675289;true;0;0;0;0;0;0;true;
1558;51.9333;120;0.0101364;145.811;17.0639;-70.0169;0.217506;0.0675289;true;0;0;0;0;0;0;true;
1559;51.9667;120;0.0101364;145.811;17.0639;-70.0169;0.217506;0.0675289;true;0;0;0;0;0;0;true;
1560;52;120;0.0101364;145.811;17.0639;-70.0169;0.217506;0.0675289;true;0;0;0;0;0;0;true;
1561;52.0333;120;0.0101364;145.811;17.0639;-70.0169;0.217506;0.0675289;true;0;0;0;0;0;0;true;
1562;52.0667;120;0.0101364;145.811;17.0639;-70.0169;0.217506;0.0675289;true;0;0;0;0;0;0;true;
1563;52.1;120;0.0101364;145.811;17.0639;-70.0169;0.217506;0.0675289;true;0;0;0;0;0;0;true;
1564;52.1333;120;0.0101364;145.811;17.0639;-70.0169;0.217506;0.0675289;true;0;0;0;0;0;0;true;
1565;52.1667;120;0.0101364;145.811;17.0639;-70.0169;0.217506;0.0675289;true;0;0;0;0;0;0;true;
1566;52.2;120;0.0101364;145.811;17.0639;-70.0169;0.217506;0.0675289;true;0;0;0;0;0;0;true;
1567;52.2333;120;0.0101364;145.811;17.0639;-70.0169;0.217506;0.0675289;true;0;0;0;0;0;0;true;
1568;52.2667;120;0.0101364;145.811;17.0639;-70.0169;0.217506;0.0675289;true;0;0;0;0;0;0;true;
1569;52.3;120;0.0101364;145.811;17.0639;-70.0169;0.217506;0.0675289;true;0;0;0;0;0;0;true;
1570;52.3333;120;0.0101364;145.811;17.0639;-70.0169;0.217506;0.0675289;true;0;0;0;0;0;0;true;
1571;52.3667;120;0.0101364;145.811;17.0639;-70.0169;0.217506;0.0675289;true;0;0;0;0;0;0;true;
1572;52.4;120;0.0101364;145.811;17.0639;-70.0169;0.217506;0.0675289;true;0;0;0;0;0;0;true;
1573;52.4333;120;0.0101364;145.811;17.0639;-70.0169;0.217506;0.0675289;true;0;0;0;0;0;0;true;
1574;52.4667;120;0.0101364;145.811;17.0639;-70.0169;0.217506;0.0675289;true;0;0;0;0;0;0;true;
1575;52.5;120;0.0101364;145.811;17.0639;-70.0169;0.217506;0.0675289;true;0;0;0;0;0;0;true;
1576;52.5333;120;0.0101364;145.811;17.0639;-70.0169;0.217506;0.0675289;true;0;0;0;0;0;0;true;
1577;52.5667;120;0.0101364;145.811;17.0639;-70.0169;0.217506;0.0675289;true;0;0;0;0;0;0;true;
1578;52.6;120;0.0101364;145.811;17.0639;-70.0169;0.217506;0.0675289;true;0;0;0;0;0;0;true;
1579;52.6333;120;0.0101364;145.811;17.0639;-70.0169;0.217506;0.0675289;true;0;0;0;0;0;0;true;
1580;52.6667;130;0.0109811;158.227;14.1821;0;0.073526;0.220578;true;12.7459;0.117144;0.0008447;-0.14398;0.153049;70.0169;false;
1581;52.7;130;0.0109811;158.227;14.1821;0;0.073526;0.220578;true;0;0;0;0;0;0;true;
1582;52.7333;130;0.0109811;158.227;14.1821;0;0.073526;0.220578;true;0;0;0;0;0;0;true;
1583;52.7667;130;0.0109811;158.227;14.1821;0;0.073526;0.220578;true;0;0;0;0;0;0;true;
1584;52.8;131.5;0.0111078;169.257;14.3435;-90;0.211387;0.073526;true;11.0315;0.101388;0.000126705;0.137861;-0.147052;-90;false;
1585;52.8333;131.5;0.0111078;169.257;14.3435;-90;0.211387;0.073526;true;0;0;0;0;0;0;true;
1586;52.8667;131.5;0.0111078;169.257;14.3435;-90;0.211387;0.073526;true;0;0;0;0;0;0;true;
1587;52.9;131.5;0.0111078;169.257;14.3435;-90;0.211387;0.073526;true;0;0;0;0;0;0;true;
1588;52.9333;141.5;0.0119525;181.344;13.5866;0;0.073526;0.211387;true;12.1103;0.111303;0.0008447;-0.137861;0.137861;90;false;
1589;52.9667;141.5;0.0119525;181.344;13.5866;0;0.073526;0.211387;true;0;0;0;0;0;0;true;
1590;53;141.5;0.0119525;181.344;13.5866;0;0.073526;0.211387;true;0;0;0;0;0;0;true;
1591;53.0333;141.5;0.0119525;181.344;13.5866;0;0.073526;0.211387;true;0;0;0;0;0;0;true;
1592;53.0667;139.5;0.0117836;192.938;12.9857;0;0.073526;0.202197;true;11.6095;0.1067;-0.00016894;0;-0.00919075;0;false;
1593;53.1;139.5;0.0117836;192.938;12.9857;0;0.073526;0.202197;true;0;0;0;0;0;0;true;
1594;53.1333;139.5;0.0117836;192.938;12.9857;0;0.073526;0.202197;true;0;0;0;0;0;0;true;
1595;53.1667;139.5;0.0117836;192.938;12.9857;0;0.073526;0.202197;true;0;0;0;0;0;0;true;
1596;53.2;145.5;0.0122904;208.229;12.5281;-86.1859;0.204194;0.0794768;true;15.2981;0.140601;0.00050682;0.130668;-0.12272;-86.1859;false;
1597;53.2333;145.5;0.0122904;208.229;12.5281;-86.1859;0.204194;0.0794768;true;0;0;0;0;0;0;true;
1598;53.2667;145.5;0.0122904;208.229;12.5281;-86.1859;0.204194;0.0794768;true;0;0;0;0;0;0;true;
1599;53.3;145.5;0.0122904;208.229;12.5281;-86.1859;0.204194;0.0794768;true;0;0;0;0;0;0;true;
1600;53.3333;145.5;0.0122904;208.229;12.5281;-86.1859;0.204194;0.0794768;true;0;0;0;0;0;0;true;
1601;53.3667;127;0.0107277;221.52;12.7126;0;0.073526;0.211387;true;13.2919;0.122163;-0.00156269;-0.130668;0.13191;86.1859;false;
1602;53.4;127;0.0107277;221.52;12.7126;0;0.073526;0.211387;true;0;0;0;0;0;0;true;
1603;53.4333;127;0.0107277;221.52;12.7126;0;0.073526;0.211387;true;0;0;0;0;0;0;true;
1604;53.4667;127;0.0107277;221.52;12.7126;0;0.073526;0.211387;true;0;0;0;0;0;0;true;
1605;53.5;127;0.0107277;221.52;12.7126;0;0.073526;0.211387;true;0;0;0;0;0;0;true;
1606;53.5333;127;0.0107277;221.52;12.7126;0;0.073526;0.211387;true;0;0;0;0;0;0;true;
1607;53.5667;122;0.0103053;235.012;12.7964;-84.2894;0.223141;0.0777337;true;13.4929;0.12401;-0.00042235;0.149615;-0.133654;-84.2894;false;
1608;53.6;122;0.0103053;235.012;12.7964;-84.2894;0.223141;0.0777337;true;0;0;0;0;0;0;true;
1609;53.6333;122;0.0103053;235.012;12.7964;-84.2894;0.223141;0.0777337;true;0;0;0;0;0;0;true;
1610;53.6667;122;0.0103053;235.012;12.7964;-84.2894;0.223141;0.0777337;true;0;0;0;0;0;0;true;
1611;53.7;147;0.0124171;246.264;12.5431;0;0.0827168;0.220578;true;11.2547;0.103439;0.00211175;-0.140425;0.142845;84.2894;false;
1612;53.7333;147;0.0124171;246.264;12.5431;0;0.0827168;0.220578;true;0;0;0;0;0;0;true;
1613;53.7667;147;0.0124171;246.264;12.5431;0;0.0827168;0.220578;true;0;0;0;0;0;0;true;
1614;53.8;147;0.0124171;246.264;12.5431;0;0.0827168;0.220578;true;0;0;0;0;0;0;true;
1615;53.8333;147;0.0124171;246.264;12.5431;0;0.0827168;0.220578;true;0;0;0;0;0;0;true;
1616;53.8667;157.5;0.013304;258.244;12.6254;-83.6598;0.223288;0.0811959;true;11.9806;0.110111;0.000886935;0.140572;-0.139382;-83.6598;false;
1617;53.9;157.5;0.013304;258.244;12.6254;-83.6598;0.223288;0.0811959;true;0;0;0;0;0;0;true;
1618;53.9333;157.5;0.013304;258.244;12.6254;-83.6598;0.223288;0.0811959;true;0;0;0;0;0;0;true;
1619;53.9667;157.5;0.013304;258.244;12.6254;-83.6598;0.223288;0.0811959;true;0;0;0;0;0;0;true;
1620;54;162;0.0136841;273.327;12.2068;0;0.0827168;0.220578;true;15.0885;0.138675;0.000380115;-0.140572;0.139382;83.6598;false;
1621;54.0333;162;0.0136841;273.327;12.2068;0;0.0827168;0.220578;true;0;0;0;0;0;0;true;
1622;54.0667;162;0.0136841;273.327;12.2068;0;0.0827168;0.220578;true;0;0;0;0;0;0;true;
1623;54.1;162;0.0136841;273.327;12.2068;0;0.0827168;0.220578;true;0;0;0;0;0;0;true;
1624;54.1333;162;0.0136841;273.327;12.2068;0;0.0827168;0.220578;true;0;0;0;0;0;0;true;
1625;54.1667;173.5;0.0146555;287.589;13.17;0;0.0827168;0.266532;true;14.2942;0.131374;0.000971405;0;0.0459538;0;false;
1626;54.2;173.5;0.0146555;287.589;13.17;0;0.0827168;0.266532;true;0;0;0;0;0;0;true;
1627;54.2333;173.5;0.0146555;287.589;13.17;0;0.0827168;0.266532;true;0;0;0;0;0;0;true;
1628;54.2667;173.5;0.0146555;287.589;13.17;0;0.0827168;0.266532;true;0;0;0;0;0;0;true;
1629;54.3;173.5;0.0146555;287.589;13.17;0;0.0827168;0.266532;true;0;0;0;0;0;0;true;
1630;54.3333;165;0.0139375;302.303;15.0909;0;0.0827168;0.275723;true;14.839;0.136382;-0.000717995;0;0.00919075;0;false;
1631;54.3667;165;0.0139375;302.303;15.0909;0;0.0827168;0.275723;true;0;0;0;0;0;0;true;
1632;54.4;165;0.0139375;302.303;15.0909;0;0.0827168;0.275723;true;0;0;0;0;0;0;true;
1633;54.4333;165;0.0139375;302.303;15.0909;0;0.0827168;0.275723;true;0;0;0;0;0;0;true;
1634;54.4667;165;0.0139375;302.303;15.0909;0;0.0827168;0.275723;true;0;0;0;0;0;0;true;
1635;54.5;165;0.0139375;302.303;15.0909;0;0.0827168;0.275723;true;0;0;0;0;0;0;true;
1636;54.5333;169;0.0142754;314.316;14.426;-86.1859;0.26533;0.0819222;true;12.0309;0.110573;0.00033788;0.182613;-0.193801;-86.1859;false;
1637;54.5667;169;0.0142754;314.316;14.426;-86.1859;0.26533;0.0819222;true;0;0;0;0;0;0;true;
1638;54.6;169;0.0142754;314.316;14.426;-86.1859;0.26533;0.0819222;true;0;0;0;0;0;0;true;
1639;54.6333;169;0.0142754;314.316;14.426;-86.1859;0.26533;0.0819222;true;0;0;0;0;0;0;true;
1640;54.6667;143.5;0.0121214;326.328;13.6109;0;0.073526;0.202197;true;12.0396;0.110653;-0.00215398;-0.191804;0.120275;86.1859;false;
1641;54.7;143.5;0.0121214;326.328;13.6109;0;0.073526;0.202197;true;0;0;0;0;0;0;true;
1642;54.7333;143.5;0.0121214;326.328;13.6109;0;0.073526;0.202197;true;0;0;0;0;0;0;true;
1643;54.7667;143.5;0.0121214;326.328;13.6109;0;0.073526;0.202197;true;0;0;0;0;0;0;true;
1644;54.8;153;0.0129239;338.657;12.4847;0;0.0827168;0.211387;true;12.3807;0.113788;0.000802465;0.00919075;0.00919075;0;false;
1645;54.8333;153;0.0129239;338.657;12.4847;0;0.0827168;0.211387;true;0;0;0;0;0;0;true;
1646;54.8667;153;0.0129239;338.657;12.4847;0;0.0827168;0.211387;true;0;0;0;0;0;0;true;
1647;54.9;153;0.0129239;338.657;12.4847;0;0.0827168;0.211387;true;0;0;0;0;0;0;true;
1648;54.9333;149.5;0.0126283;351.049;12.0936;-85.2364;0.223632;0.085484;true;12.3984;0.113951;-0.000295645;0.140915;-0.125903;-85.2364;false;
1649;54.9667;149.5;0.0126283;351.049;12.0936;-85.2364;0.223632;0.085484;true;0;0;0;0;0;0;true;
1650;55;149.5;0.0126283;351.049;12.0936;-85.2364;0.223632;0.085484;true;0;0;0;0;0;0;true;
1651;55.0333;149.5;0.0126283;351.049;12.0936;-85.2364;0.223632;0.085484;true;0;0;0;0;0;0;true;
1652;55.0667;141.5;0.0119525;365.227;11.861;0;0.0827168;0.211387;true;14.1802;0.130327;-0.00067576;-0.140915;0.125903;85.2364;false;
1653;55.1;141.5;0.0119525;365.227;11.861;0;0.0827168;0.211387;true;0;0;0;0;0;0;true;
1654;55.1333;141.5;0.0119525;365.227;11.861;0;0.0827168;0.211387;true;0;0;0;0;0;0;true;
1655;55.1667;141.5;0.0119525;378.647;12.6796;-90;0.211387;0.073526;true;13.4443;0.123563;0;0.128671;-0.137861;-90;false;
1656;55.2;141.5;0.0119525;378.647;12.6796;-90;0.211387;0.073526;true;0;0;0;0;0;0;true;
1657;55.2333;141.5;0.0119525;378.647;12.6796;-90;0.211387;0.073526;true;0;0;0;0;0;0;true;
1658;55.2667;141.5;0.0119525;378.647;12.6796;-90;0.211387;0.073526;true;0;0;0;0;0;0;true;
1659;55.3;131;0.0110656;395.808;12.2595;0;0.0643353;0.220578;true;17.1664;0.157772;-0.000886935;-0.147052;0.147052;90;false;
1660;55.3333;131;0.0110656;395.808;12.2595;0;0.0643353;0.220578;true;0;0;0;0;0;0;true;
1661;55.3667;136.5;0.0115301;407.448;12.4872;0;0.0827168;0.202197;true;11.6425;0.107003;0.000464585;0.0183815;-0.0183815;0;false;
1662;55.4;136.5;0.0115301;407.448;12.4872;0;0.0827168;0.202197;true;0;0;0;0;0;0;true;
1663;55.4333;136.5;0.0115301;407.448;12.4872;0;0.0827168;0.202197;true;0;0;0;0;0;0;true;
1664;55.4667;136.5;0.0115301;407.448;12.4872;0;0.0827168;0.202197;true;0;0;0;0;0;0;true;
1665;55.5;141.5;0.0119525;423.008;12.0071;0;0.073526;0.23896;true;15.5675;0.143077;0.00042235;-0.00919075;0.036763;0;false;
1666;55.5333;141.5;0.0119525;423.008;12.0071;0;0.073526;0.23896;true;0;0;0;0;0;0;true;
1667;55.5667;146;0.0123326;434.626;12.7911;0;0.073526;0.220578;true;11.6438;0.107015;0.000380115;0;-0.0183815;0;false;
1668;55.6;146;0.0123326;434.626;12.7911;0;0.073526;0.220578;true;0;0;0;0;0;0;true;
1669;55.6333;146;0.0123326;434.626;12.7911;0;0.073526;0.220578;true;0;0;0;0;0;0;true;
1670;55.6667;146;0.0123326;434.626;12.7911;0;0.073526;0.220578;true;0;0;0;0;0;0;true;
1671;55.7;146;0.0123326;446.579;12.9247;0;0.073526;0.220578;true;11.9539;0.109865;0;0;0;0;false;
1672;55.7333;146;0.0123326;446.579;12.9247;0;0.073526;0.220578;true;0;0;0;0;0;0;true;
1673;55.7667;146;0.0123326;446.579;12.9247;0;0.073526;0.220578;true;0;0;0;0;0;0;true;
1674;55.8;159;0.0134307;463.049;12.7159;-85.2364;0.221343;0.0870106;true;16.4718;0.151388;0.00109811;0.147817;-0.133567;-85.2364;false;
1675;55.8333;159;0.0134307;463.049;12.7159;-85.2364;0.221343;0.0870106;true;0;0;0;0;0;0;true;
1676;55.8667;159;0.0134307;463.049;12.7159;-85.2364;0.221343;0.0870106;true;0;0;0;0;0;0;true;
1677;55.9;159;0.0134307;463.049;12.7159;-85.2364;0.221343;0.0870106;true;0;0;0;0;0;0;true;
1678;55.9333;159;0.0134307;463.049;12.7159;-85.2364;0.221343;0.0870106;true;0;0;0;0;0;0;true;
1679;55.9667;159;0.0134307;463.049;12.7159;-85.2364;0.221343;0.0870106;true;0;0;0;0;0;0;true;
1680;56;159;0.0134307;463.049;12.7159;-85.2364;0.221343;0.0870106;true;0;0;0;0;0;0;true;
1681;56.0333;159;0.0134307;463.049;12.7159;-85.2364;0.221343;0.0870106;true;0;0;0;0;0;0;true;
1682;56.0667;152;0.0128394;475.888;12.7138;0;0.073526;0.220578;true;12.8389;0.117999;-0.00059129;-0.147817;0.133567;85.2364;false;
1683;56.1;152;0.0128394;475.888;12.7138;0;0.073526;0.220578;true;0;0;0;0;0;0;true;
1684;56.1333;152;0.0128394;475.888;12.7138;0;0.073526;0.220578;true;0;0;0;0;0;0;true;
1685;56.1667;152;0.0128394;475.888;12.7138;0;0.073526;0.220578;true;0;0;0;0;0;0;true;
1686;56.2;133.5;0.0112767;488.93;13.0462;0;0.073526;0.220578;true;13.0462;0.119904;-0.00156269;0;0;0;false;
1687;56.2333;133.5;0.0112767;488.93;13.0462;0;0.073526;0.220578;true;0;0;0;0;0;0;true;
1688;56.2667;133.5;0.0112767;488.93;13.0462;0;0.073526;0.220578;true;0;0;0;0;0;0;true;
1689;56.3;133.5;0.0112767;488.93;13.0462;0;0.073526;0.220578;true;0;0;0;0;0;0;true;
1690;56.3333;152;0.0128394;501.618;12.6743;0;0.0827168;0.229769;true;12.6938;0.116666;0.00156269;0.00919075;0.00919075;0;false;
1691;56.3667;152;0.0128394;501.618;12.6743;0;0.0827168;0.229769;true;0;0;0;0;0;0;true;
1692;56.4;152;0.0128394;501.618;12.6743;0;0.0827168;0.229769;true;0;0;0;0;0;0;true;
1693;56.4333;152;0.0128394;501.618;12.6743;0;0.0827168;0.229769;true;0;0;0;0;0;0;true;
1694;56.4667;152;0.0128394;501.618;12.6743;0;0.0827168;0.229769;true;0;0;0;0;0;0;true;
1695;56.5;152;0.0128394;501.618;12.6743;0;0.0827168;0.229769;true;0;0;0;0;0;0;true;
1696;56.5333;152;0.0128394;501.618;12.6743;0;0.0827168;0.229769;true;0;0;0;0;0;0;true;
1697;56.5667;152;0.0128394;501.618;12.6743;0;0.0827168;0.229769;true;0;0;0;0;0;0;true;
1698;56.6;152;0.0128394;501.618;12.6743;0;0.0827168;0.229769;true;0;0;0;0;0;0;true;
1699;56.6333;152;0.0128394;501.618;12.6743;0;0.0827168;0.229769;true;0;0;0;0;0;0;true;
1700;56.6667;152;0.0128394;501.618;12.6743;0;0.0827168;0.229769;true;0;0;0;0;0;0;true;
1701;56.7;152;0.0128394;501.618;12.6743;0;0.0827168;0.229769;true;0;0;0;0;0;0;true;
1702;56.7333;153.5;0.0129661;513.623;13.532;0;0.0919075;0.193006;true;12.0354;0.110614;0.000126705;0.00919075;-0.036763;0;false;
1703;56.7667;153.5;0.0129661;513.623;13.532;0;0.0919075;0.193006;true;0;0;0;0;0;0;true;
1704;56.8;153.5;0.0129661;513.623;13.532;0;0.0919075;0.193006;true;0;0;0;0;0;0;true;
1705;56.8333;153.5;0.0129661;513.623;13.532;0;0.0919075;0.193006;true;0;0;0;0;0;0;true;
1706;56.8667;153.5;0.0129661;513.623;13.532;0;0.0919075;0.193006;true;0;0;0;0;0;0;true;
1707;56.9;159;0.0134307;526.041;12.8553;-86.1859;0.239653;0.084979;true;12.4361;0.114297;0.000464585;0.147745;-0.108027;-86.1859;false;
1708;56.9333;159;0.0134307;526.041;12.8553;-86.1859;0.239653;0.084979;true;0;0;0;0;0;0;true;
